{
    "cycle_count": 38815,
    "cycles_per_second": 10554.518000979588,
    "fabric_x": 11,
    "fabric_y": 4,
    "hwtile_count": 22,
    "idle_ce_cycles": 17300,
    "idle_wavelet_cycles": 17336,
    "init_time": 0.029577016830444336,
    "iotile_count": 4,
    "nodes": 1,
    "nultile_count": 48,
    "sim_stop_cause": "Stop due to user request",
    "sim_time": 3.677572011947632,
    "simulated_tile_count": 26,
    "sunset_count": 0,
    "threads": 5,
    "tile_count": 74,
    "tile_cycles_per_second": 274417.4680254693,
    "tile_cycles_per_second_per_thread": 54883.493605093856,
    "total_time": 3.707149028778076
}
