{
    "cycle_count": 116335,
    "cycles_per_second": 7335.297380334239,
    "fabric_x": 11,
    "fabric_y": 4,
    "hwtile_count": 22,
    "idle_ce_cycles": 13617,
    "idle_wavelet_cycles": 13653,
    "init_time": 0.07848501205444336,
    "iotile_count": 4,
    "nodes": 1,
    "nultile_count": 48,
    "sim_stop_cause": "Stop due to user request",
    "sim_time": 15.859616041183472,
    "simulated_tile_count": 26,
    "sunset_count": 0,
    "threads": 5,
    "tile_count": 74,
    "tile_cycles_per_second": 190717.7318886902,
    "tile_cycles_per_second_per_thread": 38143.54637773804,
    "total_time": 15.938101053237915
}
