{
    "cycle_count": 86773,
    "cycles_per_second": 9252.979588787977,
    "fabric_x": 11,
    "fabric_y": 4,
    "hwtile_count": 22,
    "idle_ce_cycles": 16993,
    "idle_wavelet_cycles": 17029,
    "init_time": 0.08328390121459961,
    "iotile_count": 4,
    "nodes": 1,
    "nultile_count": 48,
    "sim_stop_cause": "Stop due to user request",
    "sim_time": 9.377844095230103,
    "simulated_tile_count": 26,
    "sunset_count": 0,
    "threads": 5,
    "tile_count": 74,
    "tile_cycles_per_second": 240577.4693084874,
    "tile_cycles_per_second_per_thread": 48115.49386169748,
    "total_time": 9.461127996444702
}
