{
    "cycle_count": 125273,
    "cycles_per_second": 10279.000883539396,
    "fabric_x": 11,
    "fabric_y": 4,
    "hwtile_count": 22,
    "idle_ce_cycles": 24141,
    "idle_wavelet_cycles": 24177,
    "init_time": 0.09110283851623535,
    "iotile_count": 4,
    "nodes": 1,
    "nultile_count": 48,
    "sim_stop_cause": "Stop due to user request",
    "sim_time": 12.187273979187012,
    "simulated_tile_count": 26,
    "sunset_count": 0,
    "threads": 5,
    "tile_count": 74,
    "tile_cycles_per_second": 267254.0229720243,
    "tile_cycles_per_second_per_thread": 53450.80459440486,
    "total_time": 12.278376817703247
}
