{
    "cycle_count": 36999,
    "cycles_per_second": 9069.702743773345,
    "fabric_x": 11,
    "fabric_y": 4,
    "hwtile_count": 22,
    "idle_ce_cycles": 14771,
    "idle_wavelet_cycles": 14807,
    "init_time": 0.03041982650756836,
    "iotile_count": 4,
    "nodes": 1,
    "nultile_count": 48,
    "sim_stop_cause": "Stop due to user request",
    "sim_time": 4.079406023025513,
    "simulated_tile_count": 26,
    "sunset_count": 0,
    "threads": 5,
    "tile_count": 74,
    "tile_cycles_per_second": 235812.27133810698,
    "tile_cycles_per_second_per_thread": 47162.4542676214,
    "total_time": 4.109825849533081
}
