{
    "cycle_count": 122377,
    "cycles_per_second": 10509.718330988564,
    "fabric_x": 11,
    "fabric_y": 4,
    "hwtile_count": 22,
    "idle_ce_cycles": 18613,
    "idle_wavelet_cycles": 18649,
    "init_time": 0.10042977333068848,
    "iotile_count": 4,
    "nodes": 1,
    "nultile_count": 48,
    "sim_stop_cause": "Stop due to user request",
    "sim_time": 11.644175052642822,
    "simulated_tile_count": 26,
    "sunset_count": 0,
    "threads": 5,
    "tile_count": 74,
    "tile_cycles_per_second": 273252.67660570267,
    "tile_cycles_per_second_per_thread": 54650.53532114053,
    "total_time": 11.74460482597351
}
