{
    "cycle_count": 124685,
    "cycles_per_second": 10995.216803069976,
    "fabric_x": 11,
    "fabric_y": 4,
    "hwtile_count": 22,
    "idle_ce_cycles": 23794,
    "idle_wavelet_cycles": 23830,
    "init_time": 0.08684706687927246,
    "iotile_count": 4,
    "nodes": 1,
    "nultile_count": 48,
    "sim_stop_cause": "Stop due to user request",
    "sim_time": 11.339931011199951,
    "simulated_tile_count": 26,
    "sunset_count": 0,
    "threads": 5,
    "tile_count": 74,
    "tile_cycles_per_second": 285875.6368798194,
    "tile_cycles_per_second_per_thread": 57175.12737596388,
    "total_time": 11.426778078079224
}
