{
    "cycle_count": 43529,
    "cycles_per_second": 13254.068954983362,
    "fabric_x": 11,
    "fabric_y": 4,
    "hwtile_count": 22,
    "idle_ce_cycles": 22410,
    "idle_wavelet_cycles": 22446,
    "init_time": 0.035531044006347656,
    "iotile_count": 4,
    "nodes": 1,
    "nultile_count": 48,
    "sim_stop_cause": "Stop due to user request",
    "sim_time": 3.2841989994049072,
    "simulated_tile_count": 26,
    "sunset_count": 0,
    "threads": 5,
    "tile_count": 74,
    "tile_cycles_per_second": 344605.79282956745,
    "tile_cycles_per_second_per_thread": 68921.15856591349,
    "total_time": 3.319730043411255
}
