{
    "cycle_count": 133327,
    "cycles_per_second": 10414.928611619656,
    "fabric_x": 11,
    "fabric_y": 4,
    "hwtile_count": 22,
    "idle_ce_cycles": 31608,
    "idle_wavelet_cycles": 31644,
    "init_time": 0.08684515953063965,
    "iotile_count": 4,
    "nodes": 1,
    "nultile_count": 48,
    "sim_stop_cause": "Stop due to user request",
    "sim_time": 12.801527976989746,
    "simulated_tile_count": 26,
    "sunset_count": 0,
    "threads": 5,
    "tile_count": 74,
    "tile_cycles_per_second": 270788.14390211104,
    "tile_cycles_per_second_per_thread": 54157.62878042221,
    "total_time": 12.888373136520386
}
