{
    "cycle_count": 47989,
    "cycles_per_second": 16451.632135536034,
    "fabric_x": 11,
    "fabric_y": 4,
    "hwtile_count": 22,
    "idle_ce_cycles": 25025,
    "idle_wavelet_cycles": 25061,
    "init_time": 0.031401872634887695,
    "iotile_count": 4,
    "nodes": 1,
    "nultile_count": 48,
    "sim_stop_cause": "Stop due to user request",
    "sim_time": 2.9169750213623047,
    "simulated_tile_count": 26,
    "sunset_count": 0,
    "threads": 5,
    "tile_count": 74,
    "tile_cycles_per_second": 427742.4355239369,
    "tile_cycles_per_second_per_thread": 85548.48710478737,
    "total_time": 2.9483768939971924
}
