{
    "cycle_count": 81813,
    "cycles_per_second": 6931.014323757762,
    "fabric_x": 11,
    "fabric_y": 4,
    "hwtile_count": 22,
    "idle_ce_cycles": 13570,
    "idle_wavelet_cycles": 13606,
    "init_time": 0.07792901992797852,
    "iotile_count": 4,
    "nodes": 1,
    "nultile_count": 48,
    "sim_stop_cause": "Stop due to user request",
    "sim_time": 11.803900003433228,
    "simulated_tile_count": 26,
    "sunset_count": 0,
    "threads": 5,
    "tile_count": 74,
    "tile_cycles_per_second": 180206.37241770182,
    "tile_cycles_per_second_per_thread": 36041.274483540365,
    "total_time": 11.881829023361206
}
