{
    "cycle_count": 38752,
    "cycles_per_second": 10259.820624656179,
    "fabric_x": 11,
    "fabric_y": 4,
    "hwtile_count": 22,
    "idle_ce_cycles": 17298,
    "idle_wavelet_cycles": 17334,
    "init_time": 0.032611846923828125,
    "iotile_count": 4,
    "nodes": 1,
    "nultile_count": 48,
    "sim_stop_cause": "Stop due to user request",
    "sim_time": 3.777064085006714,
    "simulated_tile_count": 26,
    "sunset_count": 0,
    "threads": 5,
    "tile_count": 74,
    "tile_cycles_per_second": 266755.33624106064,
    "tile_cycles_per_second_per_thread": 53351.06724821213,
    "total_time": 3.809675931930542
}
