{
    "cycle_count": 43796,
    "cycles_per_second": 12344.7811269617,
    "fabric_x": 11,
    "fabric_y": 4,
    "hwtile_count": 22,
    "idle_ce_cycles": 22138,
    "idle_wavelet_cycles": 22174,
    "init_time": 0.022258996963500977,
    "iotile_count": 4,
    "nodes": 1,
    "nultile_count": 48,
    "sim_stop_cause": "Stop due to user request",
    "sim_time": 3.547734022140503,
    "simulated_tile_count": 26,
    "sunset_count": 0,
    "threads": 5,
    "tile_count": 74,
    "tile_cycles_per_second": 320964.30930100416,
    "tile_cycles_per_second_per_thread": 64192.861860200836,
    "total_time": 3.569993019104004
}
