{
    "cycle_count": 125699,
    "cycles_per_second": 11329.24572872118,
    "fabric_x": 11,
    "fabric_y": 4,
    "hwtile_count": 22,
    "idle_ce_cycles": 23917,
    "idle_wavelet_cycles": 23953,
    "init_time": 0.0218961238861084,
    "iotile_count": 4,
    "nodes": 1,
    "nultile_count": 48,
    "sim_stop_cause": "Stop due to user request",
    "sim_time": 11.09508991241455,
    "simulated_tile_count": 26,
    "sunset_count": 0,
    "threads": 5,
    "tile_count": 74,
    "tile_cycles_per_second": 294560.38894675067,
    "tile_cycles_per_second_per_thread": 58912.077789350136,
    "total_time": 11.11698603630066
}
