{
    "cycle_count": 43391,
    "cycles_per_second": 11686.127801046861,
    "fabric_x": 11,
    "fabric_y": 4,
    "hwtile_count": 22,
    "idle_ce_cycles": 21919,
    "idle_wavelet_cycles": 21955,
    "init_time": 0.03319096565246582,
    "iotile_count": 4,
    "nodes": 1,
    "nultile_count": 48,
    "sim_stop_cause": "Stop due to user request",
    "sim_time": 3.7130348682403564,
    "simulated_tile_count": 26,
    "sunset_count": 0,
    "threads": 5,
    "tile_count": 74,
    "tile_cycles_per_second": 303839.3228272184,
    "tile_cycles_per_second_per_thread": 60767.86456544368,
    "total_time": 3.7462258338928223
}
