{
    "cycle_count": 83448,
    "cycles_per_second": 7350.642459657248,
    "fabric_x": 11,
    "fabric_y": 4,
    "hwtile_count": 22,
    "idle_ce_cycles": 14668,
    "idle_wavelet_cycles": 14704,
    "init_time": 0.07688188552856445,
    "iotile_count": 4,
    "nodes": 1,
    "nultile_count": 48,
    "sim_stop_cause": "Stop due to user request",
    "sim_time": 11.352477073669434,
    "simulated_tile_count": 26,
    "sunset_count": 0,
    "threads": 5,
    "tile_count": 74,
    "tile_cycles_per_second": 191116.70395108845,
    "tile_cycles_per_second_per_thread": 38223.34079021769,
    "total_time": 11.429358959197998
}
