{
    "cycle_count": 119541,
    "cycles_per_second": 7390.344841541121,
    "fabric_x": 11,
    "fabric_y": 4,
    "hwtile_count": 22,
    "idle_ce_cycles": 18319,
    "idle_wavelet_cycles": 18355,
    "init_time": 0.0795290470123291,
    "iotile_count": 4,
    "nodes": 1,
    "nultile_count": 48,
    "sim_stop_cause": "Stop due to user request",
    "sim_time": 16.175293922424316,
    "simulated_tile_count": 26,
    "sunset_count": 0,
    "threads": 5,
    "tile_count": 74,
    "tile_cycles_per_second": 192148.96588006915,
    "tile_cycles_per_second_per_thread": 38429.79317601383,
    "total_time": 16.254822969436646
}
