{
    "cycle_count": 130241,
    "cycles_per_second": 11384.297741366518,
    "fabric_x": 11,
    "fabric_y": 4,
    "hwtile_count": 22,
    "idle_ce_cycles": 29041,
    "idle_wavelet_cycles": 29077,
    "init_time": 0.08111882209777832,
    "iotile_count": 4,
    "nodes": 1,
    "nultile_count": 48,
    "sim_stop_cause": "Stop due to user request",
    "sim_time": 11.440407037734985,
    "simulated_tile_count": 26,
    "sunset_count": 0,
    "threads": 5,
    "tile_count": 74,
    "tile_cycles_per_second": 295991.74127552944,
    "tile_cycles_per_second_per_thread": 59198.348255105884,
    "total_time": 11.521525859832764
}
