{
    "cycle_count": 142782,
    "cycles_per_second": 14112.922202469566,
    "fabric_x": 11,
    "fabric_y": 4,
    "hwtile_count": 22,
    "idle_ce_cycles": 41096,
    "idle_wavelet_cycles": 41132,
    "init_time": 0.08179211616516113,
    "iotile_count": 4,
    "nodes": 1,
    "nultile_count": 48,
    "sim_stop_cause": "Stop due to user request",
    "sim_time": 10.117110967636108,
    "simulated_tile_count": 26,
    "sunset_count": 0,
    "threads": 5,
    "tile_count": 74,
    "tile_cycles_per_second": 366935.9772642087,
    "tile_cycles_per_second_per_thread": 73387.19545284174,
    "total_time": 10.19890308380127
}
