{
    "cycle_count": 48112,
    "cycles_per_second": 16565.610570593803,
    "fabric_x": 11,
    "fabric_y": 4,
    "hwtile_count": 22,
    "idle_ce_cycles": 25297,
    "idle_wavelet_cycles": 25333,
    "init_time": 0.02963399887084961,
    "iotile_count": 4,
    "nodes": 1,
    "nultile_count": 48,
    "sim_stop_cause": "Stop due to user request",
    "sim_time": 2.904330015182495,
    "simulated_tile_count": 26,
    "sunset_count": 0,
    "threads": 5,
    "tile_count": 74,
    "tile_cycles_per_second": 430705.87483543885,
    "tile_cycles_per_second_per_thread": 86141.17496708778,
    "total_time": 2.9339640140533447
}
