{
    "cycle_count": 120331,
    "cycles_per_second": 13171.320788136998,
    "fabric_x": 11,
    "fabric_y": 4,
    "hwtile_count": 22,
    "idle_ce_cycles": 16998,
    "idle_wavelet_cycles": 17034,
    "init_time": 0.08199906349182129,
    "iotile_count": 4,
    "nodes": 1,
    "nultile_count": 48,
    "sim_stop_cause": "Stop due to user request",
    "sim_time": 9.135833978652954,
    "simulated_tile_count": 26,
    "sunset_count": 0,
    "threads": 5,
    "tile_count": 74,
    "tile_cycles_per_second": 342454.340491562,
    "tile_cycles_per_second_per_thread": 68490.86809831239,
    "total_time": 9.217833042144775
}
