{
    "cycle_count": 54315,
    "cycles_per_second": 20714.29698033978,
    "fabric_x": 11,
    "fabric_y": 4,
    "hwtile_count": 22,
    "idle_ce_cycles": 30670,
    "idle_wavelet_cycles": 30706,
    "init_time": 0.035201072692871094,
    "iotile_count": 4,
    "nodes": 1,
    "nultile_count": 48,
    "sim_stop_cause": "Stop due to user request",
    "sim_time": 2.6221020221710205,
    "simulated_tile_count": 26,
    "sunset_count": 0,
    "threads": 5,
    "tile_count": 74,
    "tile_cycles_per_second": 538571.7214888342,
    "tile_cycles_per_second_per_thread": 107714.34429776685,
    "total_time": 2.6573030948638916
}
