{
    "cycle_count": 40186,
    "cycles_per_second": 11540.193252567462,
    "fabric_x": 11,
    "fabric_y": 4,
    "hwtile_count": 22,
    "idle_ce_cycles": 18074,
    "idle_wavelet_cycles": 18110,
    "init_time": 0.035485029220581055,
    "iotile_count": 4,
    "nodes": 1,
    "nultile_count": 48,
    "sim_stop_cause": "Stop due to user request",
    "sim_time": 3.4822640419006348,
    "simulated_tile_count": 26,
    "sunset_count": 0,
    "threads": 5,
    "tile_count": 74,
    "tile_cycles_per_second": 300045.024566754,
    "tile_cycles_per_second_per_thread": 60009.0049133508,
    "total_time": 3.517749071121216
}
