{
    "cycle_count": 37005,
    "cycles_per_second": 9524.311568318875,
    "fabric_x": 11,
    "fabric_y": 4,
    "hwtile_count": 22,
    "idle_ce_cycles": 15754,
    "idle_wavelet_cycles": 15790,
    "init_time": 0.031049013137817383,
    "iotile_count": 4,
    "nodes": 1,
    "nultile_count": 48,
    "sim_stop_cause": "Stop due to user request",
    "sim_time": 3.8853201866149902,
    "simulated_tile_count": 26,
    "sunset_count": 0,
    "threads": 5,
    "tile_count": 74,
    "tile_cycles_per_second": 247632.10077629075,
    "tile_cycles_per_second_per_thread": 49526.42015525815,
    "total_time": 3.9163691997528076
}
