{
    "cycle_count": 52832,
    "cycles_per_second": 19472.662724156417,
    "fabric_x": 11,
    "fabric_y": 4,
    "hwtile_count": 22,
    "idle_ce_cycles": 29818,
    "idle_wavelet_cycles": 29854,
    "init_time": 0.03097701072692871,
    "iotile_count": 4,
    "nodes": 1,
    "nultile_count": 48,
    "sim_stop_cause": "Stop due to user request",
    "sim_time": 2.713136911392212,
    "simulated_tile_count": 26,
    "sunset_count": 0,
    "threads": 5,
    "tile_count": 74,
    "tile_cycles_per_second": 506289.2308280668,
    "tile_cycles_per_second_per_thread": 101257.84616561336,
    "total_time": 2.7441139221191406
}
