{
    "cycle_count": 121616,
    "cycles_per_second": 9586.793365265727,
    "fabric_x": 11,
    "fabric_y": 4,
    "hwtile_count": 22,
    "idle_ce_cycles": 20420,
    "idle_wavelet_cycles": 20456,
    "init_time": 0.0668179988861084,
    "iotile_count": 4,
    "nodes": 1,
    "nultile_count": 48,
    "sim_stop_cause": "Stop due to user request",
    "sim_time": 12.685785055160522,
    "simulated_tile_count": 26,
    "sunset_count": 0,
    "threads": 5,
    "tile_count": 74,
    "tile_cycles_per_second": 249256.62749690888,
    "tile_cycles_per_second_per_thread": 49851.325499381775,
    "total_time": 12.75260305404663
}
