{
    "cycle_count": 85377,
    "cycles_per_second": 9125.256246538343,
    "fabric_x": 11,
    "fabric_y": 4,
    "hwtile_count": 22,
    "idle_ce_cycles": 15901,
    "idle_wavelet_cycles": 15937,
    "init_time": 0.06406497955322266,
    "iotile_count": 4,
    "nodes": 1,
    "nultile_count": 48,
    "sim_stop_cause": "Stop due to user request",
    "sim_time": 9.356120824813843,
    "simulated_tile_count": 26,
    "sunset_count": 0,
    "threads": 5,
    "tile_count": 74,
    "tile_cycles_per_second": 237256.66240999693,
    "tile_cycles_per_second_per_thread": 47451.33248199939,
    "total_time": 9.420185804367065
}
