{
    "cycle_count": 115306,
    "cycles_per_second": 7216.850388693943,
    "fabric_x": 11,
    "fabric_y": 4,
    "hwtile_count": 22,
    "idle_ce_cycles": 13922,
    "idle_wavelet_cycles": 13958,
    "init_time": 0.08513593673706055,
    "iotile_count": 4,
    "nodes": 1,
    "nultile_count": 48,
    "sim_stop_cause": "Stop due to user request",
    "sim_time": 15.977329969406128,
    "simulated_tile_count": 26,
    "sunset_count": 0,
    "threads": 5,
    "tile_count": 74,
    "tile_cycles_per_second": 187638.11010604253,
    "tile_cycles_per_second_per_thread": 37527.6220212085,
    "total_time": 16.06246590614319
}
