{
    "cycle_count": 101106,
    "cycles_per_second": 11081.756520077593,
    "fabric_x": 11,
    "fabric_y": 4,
    "hwtile_count": 22,
    "idle_ce_cycles": 32508,
    "idle_wavelet_cycles": 32544,
    "init_time": 0.06327605247497559,
    "iotile_count": 4,
    "nodes": 1,
    "nultile_count": 48,
    "sim_stop_cause": "Stop due to user request",
    "sim_time": 9.12364387512207,
    "simulated_tile_count": 26,
    "sunset_count": 0,
    "threads": 5,
    "tile_count": 74,
    "tile_cycles_per_second": 288125.6695220174,
    "tile_cycles_per_second_per_thread": 57625.13390440348,
    "total_time": 9.186919927597046
}
