{
    "cycle_count": 88218,
    "cycles_per_second": 8149.024033065013,
    "fabric_x": 11,
    "fabric_y": 4,
    "hwtile_count": 22,
    "idle_ce_cycles": 19923,
    "idle_wavelet_cycles": 19959,
    "init_time": 0.06228804588317871,
    "iotile_count": 4,
    "nodes": 1,
    "nultile_count": 48,
    "sim_stop_cause": "Stop due to user request",
    "sim_time": 10.82559084892273,
    "simulated_tile_count": 26,
    "sunset_count": 0,
    "threads": 5,
    "tile_count": 74,
    "tile_cycles_per_second": 211874.62485969035,
    "tile_cycles_per_second_per_thread": 42374.92497193807,
    "total_time": 10.887878894805908
}
