{
    "cycle_count": 38347,
    "cycles_per_second": 15309.357355838982,
    "fabric_x": 11,
    "fabric_y": 4,
    "hwtile_count": 22,
    "idle_ce_cycles": 14703,
    "idle_wavelet_cycles": 14739,
    "init_time": 0.030260086059570313,
    "iotile_count": 4,
    "nodes": 1,
    "nultile_count": 48,
    "sim_stop_cause": "Stop due to user request",
    "sim_time": 2.504807949066162,
    "simulated_tile_count": 26,
    "sunset_count": 0,
    "threads": 5,
    "tile_count": 74,
    "tile_cycles_per_second": 398043.2912518135,
    "tile_cycles_per_second_per_thread": 79608.6582503627,
    "total_time": 2.5350680351257324
}
