{
    "cycle_count": 127678,
    "cycles_per_second": 10851.253589531254,
    "fabric_x": 11,
    "fabric_y": 4,
    "hwtile_count": 22,
    "idle_ce_cycles": 26538,
    "idle_wavelet_cycles": 26574,
    "init_time": 0.06413006782531738,
    "iotile_count": 4,
    "nodes": 1,
    "nultile_count": 48,
    "sim_stop_cause": "Stop due to user request",
    "sim_time": 11.76619815826416,
    "simulated_tile_count": 26,
    "sunset_count": 0,
    "threads": 5,
    "tile_count": 74,
    "tile_cycles_per_second": 282132.5933278126,
    "tile_cycles_per_second_per_thread": 56426.51866556252,
    "total_time": 11.830328226089478
}
