{
    "cycle_count": 120302,
    "cycles_per_second": 8740.382872864688,
    "fabric_x": 11,
    "fabric_y": 4,
    "hwtile_count": 22,
    "idle_ce_cycles": 18847,
    "idle_wavelet_cycles": 18883,
    "init_time": 0.06522202491760254,
    "iotile_count": 4,
    "nodes": 1,
    "nultile_count": 48,
    "sim_stop_cause": "Stop due to user request",
    "sim_time": 13.763927936553955,
    "simulated_tile_count": 26,
    "sunset_count": 0,
    "threads": 5,
    "tile_count": 74,
    "tile_cycles_per_second": 227249.9546944819,
    "tile_cycles_per_second_per_thread": 45449.99093889638,
    "total_time": 13.829149961471558
}
