{
    "cycle_count": 85676,
    "cycles_per_second": 7882.899860916142,
    "fabric_x": 11,
    "fabric_y": 4,
    "hwtile_count": 22,
    "idle_ce_cycles": 14640,
    "idle_wavelet_cycles": 14676,
    "init_time": 0.07561182975769043,
    "iotile_count": 4,
    "nodes": 1,
    "nultile_count": 48,
    "sim_stop_cause": "Stop due to user request",
    "sim_time": 10.868589162826538,
    "simulated_tile_count": 26,
    "sunset_count": 0,
    "threads": 5,
    "tile_count": 74,
    "tile_cycles_per_second": 204955.3963838197,
    "tile_cycles_per_second_per_thread": 40991.079276763936,
    "total_time": 10.944200992584229
}
