{
    "cycle_count": 91711,
    "cycles_per_second": 9750.458422232994,
    "fabric_x": 11,
    "fabric_y": 4,
    "hwtile_count": 22,
    "idle_ce_cycles": 22739,
    "idle_wavelet_cycles": 22775,
    "init_time": 0.06398701667785645,
    "iotile_count": 4,
    "nodes": 1,
    "nultile_count": 48,
    "sim_stop_cause": "Stop due to user request",
    "sim_time": 9.405814170837402,
    "simulated_tile_count": 26,
    "sunset_count": 0,
    "threads": 5,
    "tile_count": 74,
    "tile_cycles_per_second": 253511.91897805786,
    "tile_cycles_per_second_per_thread": 50702.383795611575,
    "total_time": 9.469801187515259
}
