{
    "cycle_count": 94028,
    "cycles_per_second": 10720.22064742321,
    "fabric_x": 11,
    "fabric_y": 4,
    "hwtile_count": 22,
    "idle_ce_cycles": 23885,
    "idle_wavelet_cycles": 23921,
    "init_time": 0.0808858871459961,
    "iotile_count": 4,
    "nodes": 1,
    "nultile_count": 48,
    "sim_stop_cause": "Stop due to user request",
    "sim_time": 8.771088123321533,
    "simulated_tile_count": 26,
    "sunset_count": 0,
    "threads": 5,
    "tile_count": 74,
    "tile_cycles_per_second": 278725.73683300347,
    "tile_cycles_per_second_per_thread": 55745.14736660069,
    "total_time": 8.85197401046753
}
