{
    "cycle_count": 115558,
    "cycles_per_second": 7575.386064570306,
    "fabric_x": 11,
    "fabric_y": 4,
    "hwtile_count": 22,
    "idle_ce_cycles": 14912,
    "idle_wavelet_cycles": 14948,
    "init_time": 0.07261991500854492,
    "iotile_count": 4,
    "nodes": 1,
    "nultile_count": 48,
    "sim_stop_cause": "Stop due to user request",
    "sim_time": 15.254404067993164,
    "simulated_tile_count": 26,
    "sunset_count": 0,
    "threads": 5,
    "tile_count": 74,
    "tile_cycles_per_second": 196960.03767882797,
    "tile_cycles_per_second_per_thread": 39392.007535765595,
    "total_time": 15.327023983001709
}
