{
    "cycle_count": 122644,
    "cycles_per_second": 9128.7813913816,
    "fabric_x": 11,
    "fabric_y": 4,
    "hwtile_count": 22,
    "idle_ce_cycles": 22036,
    "idle_wavelet_cycles": 22072,
    "init_time": 0.0620570182800293,
    "iotile_count": 4,
    "nodes": 1,
    "nultile_count": 48,
    "sim_stop_cause": "Stop due to user request",
    "sim_time": 13.434870958328247,
    "simulated_tile_count": 26,
    "sunset_count": 0,
    "threads": 5,
    "tile_count": 74,
    "tile_cycles_per_second": 237348.31617592162,
    "tile_cycles_per_second_per_thread": 47469.66323518432,
    "total_time": 13.496927976608276
}
