{
    "cycle_count": 114523,
    "cycles_per_second": 7401.408048439545,
    "fabric_x": 11,
    "fabric_y": 4,
    "hwtile_count": 22,
    "idle_ce_cycles": 13180,
    "idle_wavelet_cycles": 13216,
    "init_time": 0.07428193092346191,
    "iotile_count": 4,
    "nodes": 1,
    "nultile_count": 48,
    "sim_stop_cause": "Stop due to user request",
    "sim_time": 15.473136901855469,
    "simulated_tile_count": 26,
    "sunset_count": 0,
    "threads": 5,
    "tile_count": 74,
    "tile_cycles_per_second": 192436.60925942817,
    "tile_cycles_per_second_per_thread": 38487.32185188563,
    "total_time": 15.54741883277893
}
