{
    "cycle_count": 41064,
    "cycles_per_second": 13732.01084050942,
    "fabric_x": 11,
    "fabric_y": 4,
    "hwtile_count": 22,
    "idle_ce_cycles": 17918,
    "idle_wavelet_cycles": 17954,
    "init_time": 0.03377485275268555,
    "iotile_count": 4,
    "nodes": 1,
    "nultile_count": 48,
    "sim_stop_cause": "Stop due to user request",
    "sim_time": 2.990385055541992,
    "simulated_tile_count": 26,
    "sunset_count": 0,
    "threads": 5,
    "tile_count": 74,
    "tile_cycles_per_second": 357032.28185324493,
    "tile_cycles_per_second_per_thread": 71406.45637064899,
    "total_time": 3.0241599082946777
}
