{
    "cycle_count": 145008,
    "cycles_per_second": 16966.19731065995,
    "fabric_x": 11,
    "fabric_y": 4,
    "hwtile_count": 22,
    "idle_ce_cycles": 41998,
    "idle_wavelet_cycles": 42034,
    "init_time": 0.07381701469421387,
    "iotile_count": 4,
    "nodes": 1,
    "nultile_count": 48,
    "sim_stop_cause": "Stop due to user request",
    "sim_time": 8.546876907348633,
    "simulated_tile_count": 26,
    "sunset_count": 0,
    "threads": 5,
    "tile_count": 74,
    "tile_cycles_per_second": 441121.13007715874,
    "tile_cycles_per_second_per_thread": 88224.22601543175,
    "total_time": 8.620693922042847
}
