{
    "cycle_count": 83565,
    "cycles_per_second": 8924.558921496695,
    "fabric_x": 11,
    "fabric_y": 4,
    "hwtile_count": 22,
    "idle_ce_cycles": 14984,
    "idle_wavelet_cycles": 15020,
    "init_time": 0.06499886512756348,
    "iotile_count": 4,
    "nodes": 1,
    "nultile_count": 48,
    "sim_stop_cause": "Stop due to user request",
    "sim_time": 9.363487958908081,
    "simulated_tile_count": 26,
    "sunset_count": 0,
    "threads": 5,
    "tile_count": 74,
    "tile_cycles_per_second": 232038.53195891407,
    "tile_cycles_per_second_per_thread": 46407.70639178281,
    "total_time": 9.428486824035645
}
