{
    "cycle_count": 62613,
    "cycles_per_second": 20554.494830107506,
    "fabric_x": 11,
    "fabric_y": 4,
    "hwtile_count": 22,
    "idle_ce_cycles": 39786,
    "idle_wavelet_cycles": 39822,
    "init_time": 0.03510308265686035,
    "iotile_count": 4,
    "nodes": 1,
    "nultile_count": 48,
    "sim_stop_cause": "Stop due to user request",
    "sim_time": 3.0461950302124023,
    "simulated_tile_count": 26,
    "sunset_count": 0,
    "threads": 5,
    "tile_count": 74,
    "tile_cycles_per_second": 534416.8655827951,
    "tile_cycles_per_second_per_thread": 106883.37311655903,
    "total_time": 3.0812981128692627
}
