{
    "cycle_count": 115748,
    "cycles_per_second": 7722.5904200691975,
    "fabric_x": 11,
    "fabric_y": 4,
    "hwtile_count": 22,
    "idle_ce_cycles": 14885,
    "idle_wavelet_cycles": 14921,
    "init_time": 0.08733701705932617,
    "iotile_count": 4,
    "nodes": 1,
    "nultile_count": 48,
    "sim_stop_cause": "Stop due to user request",
    "sim_time": 14.988234996795654,
    "simulated_tile_count": 26,
    "sunset_count": 0,
    "threads": 5,
    "tile_count": 74,
    "tile_cycles_per_second": 200787.35092179914,
    "tile_cycles_per_second_per_thread": 40157.47018435983,
    "total_time": 15.07557201385498
}
