{
    "cycle_count": 37425,
    "cycles_per_second": 11904.098778374759,
    "fabric_x": 11,
    "fabric_y": 4,
    "hwtile_count": 22,
    "idle_ce_cycles": 14318,
    "idle_wavelet_cycles": 14354,
    "init_time": 0.03523588180541992,
    "iotile_count": 4,
    "nodes": 1,
    "nultile_count": 48,
    "sim_stop_cause": "Stop due to user request",
    "sim_time": 3.1438751220703125,
    "simulated_tile_count": 26,
    "sunset_count": 0,
    "threads": 5,
    "tile_count": 74,
    "tile_cycles_per_second": 309506.56823774375,
    "tile_cycles_per_second_per_thread": 61901.31364754875,
    "total_time": 3.1791110038757324
}
