{
    "cycle_count": 48614,
    "cycles_per_second": 15443.262945276296,
    "fabric_x": 11,
    "fabric_y": 4,
    "hwtile_count": 22,
    "idle_ce_cycles": 26363,
    "idle_wavelet_cycles": 26399,
    "init_time": 0.03541898727416992,
    "iotile_count": 4,
    "nodes": 1,
    "nultile_count": 48,
    "sim_stop_cause": "Stop due to user request",
    "sim_time": 3.1479098796844482,
    "simulated_tile_count": 26,
    "sunset_count": 0,
    "threads": 5,
    "tile_count": 74,
    "tile_cycles_per_second": 401524.8365771837,
    "tile_cycles_per_second_per_thread": 80304.96731543673,
    "total_time": 3.183328866958618
}
