{
    "cycle_count": 121774,
    "cycles_per_second": 11983.167336346018,
    "fabric_x": 11,
    "fabric_y": 4,
    "hwtile_count": 22,
    "idle_ce_cycles": 18685,
    "idle_wavelet_cycles": 18721,
    "init_time": 0.061691999435424805,
    "iotile_count": 4,
    "nodes": 1,
    "nultile_count": 48,
    "sim_stop_cause": "Stop due to user request",
    "sim_time": 10.16208791732788,
    "simulated_tile_count": 26,
    "sunset_count": 0,
    "threads": 5,
    "tile_count": 74,
    "tile_cycles_per_second": 311562.35074499645,
    "tile_cycles_per_second_per_thread": 62312.47014899929,
    "total_time": 10.223779916763306
}
