{
    "cycle_count": 41799,
    "cycles_per_second": 11819.513757791461,
    "fabric_x": 11,
    "fabric_y": 4,
    "hwtile_count": 22,
    "idle_ce_cycles": 18337,
    "idle_wavelet_cycles": 18373,
    "init_time": 0.035462141036987305,
    "iotile_count": 4,
    "nodes": 1,
    "nultile_count": 48,
    "sim_stop_cause": "Stop due to user request",
    "sim_time": 3.536439895629883,
    "simulated_tile_count": 26,
    "sunset_count": 0,
    "threads": 5,
    "tile_count": 74,
    "tile_cycles_per_second": 307307.357702578,
    "tile_cycles_per_second_per_thread": 61461.4715405156,
    "total_time": 3.57190203666687
}
