{
    "cycle_count": 35410,
    "cycles_per_second": 8457.478771071404,
    "fabric_x": 11,
    "fabric_y": 4,
    "hwtile_count": 22,
    "idle_ce_cycles": 14219,
    "idle_wavelet_cycles": 14255,
    "init_time": 0.036895036697387695,
    "iotile_count": 4,
    "nodes": 1,
    "nultile_count": 48,
    "sim_stop_cause": "Stop due to user request",
    "sim_time": 4.186826944351196,
    "simulated_tile_count": 26,
    "sunset_count": 0,
    "threads": 5,
    "tile_count": 74,
    "tile_cycles_per_second": 219894.4480478565,
    "tile_cycles_per_second_per_thread": 43978.8896095713,
    "total_time": 4.223721981048584
}
