{
    "cycle_count": 59835,
    "cycles_per_second": 22994.35030923781,
    "fabric_x": 11,
    "fabric_y": 4,
    "hwtile_count": 22,
    "idle_ce_cycles": 36809,
    "idle_wavelet_cycles": 36845,
    "init_time": 0.029896020889282227,
    "iotile_count": 4,
    "nodes": 1,
    "nultile_count": 48,
    "sim_stop_cause": "Stop due to user request",
    "sim_time": 2.602160930633545,
    "simulated_tile_count": 26,
    "sunset_count": 0,
    "threads": 5,
    "tile_count": 74,
    "tile_cycles_per_second": 597853.1080401831,
    "tile_cycles_per_second_per_thread": 119570.62160803661,
    "total_time": 2.632056951522827
}
