{
    "cycle_count": 125054,
    "cycles_per_second": 9265.454734204766,
    "fabric_x": 11,
    "fabric_y": 4,
    "hwtile_count": 22,
    "idle_ce_cycles": 23670,
    "idle_wavelet_cycles": 23706,
    "init_time": 0.08451700210571289,
    "iotile_count": 4,
    "nodes": 1,
    "nultile_count": 48,
    "sim_stop_cause": "Stop due to user request",
    "sim_time": 13.496801137924194,
    "simulated_tile_count": 26,
    "sunset_count": 0,
    "threads": 5,
    "tile_count": 74,
    "tile_cycles_per_second": 240901.82308932394,
    "tile_cycles_per_second_per_thread": 48180.36461786479,
    "total_time": 13.581318140029907
}
