{
    "cycle_count": 44277,
    "cycles_per_second": 13100.576038438454,
    "fabric_x": 11,
    "fabric_y": 4,
    "hwtile_count": 22,
    "idle_ce_cycles": 22327,
    "idle_wavelet_cycles": 22363,
    "init_time": 0.03218698501586914,
    "iotile_count": 4,
    "nodes": 1,
    "nultile_count": 48,
    "sim_stop_cause": "Stop due to user request",
    "sim_time": 3.379775047302246,
    "simulated_tile_count": 26,
    "sunset_count": 0,
    "threads": 5,
    "tile_count": 74,
    "tile_cycles_per_second": 340614.9769993998,
    "tile_cycles_per_second_per_thread": 68122.99539987996,
    "total_time": 3.4119620323181152
}
