{
    "cycle_count": 117960,
    "cycles_per_second": 8018.844375130916,
    "fabric_x": 11,
    "fabric_y": 4,
    "hwtile_count": 22,
    "idle_ce_cycles": 16139,
    "idle_wavelet_cycles": 16175,
    "init_time": 0.09959697723388672,
    "iotile_count": 4,
    "nodes": 1,
    "nultile_count": 48,
    "sim_stop_cause": "Stop due to user request",
    "sim_time": 14.710349082946777,
    "simulated_tile_count": 26,
    "sunset_count": 0,
    "threads": 5,
    "tile_count": 74,
    "tile_cycles_per_second": 208489.95375340382,
    "tile_cycles_per_second_per_thread": 41697.990750680765,
    "total_time": 14.809946060180664
}
