{
    "cycle_count": 121349,
    "cycles_per_second": 9644.201876900834,
    "fabric_x": 11,
    "fabric_y": 4,
    "hwtile_count": 22,
    "idle_ce_cycles": 19567,
    "idle_wavelet_cycles": 19603,
    "init_time": 0.07036995887756348,
    "iotile_count": 4,
    "nodes": 1,
    "nultile_count": 48,
    "sim_stop_cause": "Stop due to user request",
    "sim_time": 12.58258605003357,
    "simulated_tile_count": 26,
    "sunset_count": 0,
    "threads": 5,
    "tile_count": 74,
    "tile_cycles_per_second": 250749.24879942168,
    "tile_cycles_per_second_per_thread": 50149.84975988434,
    "total_time": 12.652956008911133
}
