{
    "cycle_count": 45535,
    "cycles_per_second": 14906.489100933768,
    "fabric_x": 11,
    "fabric_y": 4,
    "hwtile_count": 22,
    "idle_ce_cycles": 22921,
    "idle_wavelet_cycles": 22957,
    "init_time": 0.035607099533081055,
    "iotile_count": 4,
    "nodes": 1,
    "nultile_count": 48,
    "sim_stop_cause": "Stop due to user request",
    "sim_time": 3.0547099113464355,
    "simulated_tile_count": 26,
    "sunset_count": 0,
    "threads": 5,
    "tile_count": 74,
    "tile_cycles_per_second": 387568.716624278,
    "tile_cycles_per_second_per_thread": 77513.7433248556,
    "total_time": 3.0903170108795166
}
