{
    "cycle_count": 116739,
    "cycles_per_second": 7947.967001348109,
    "fabric_x": 11,
    "fabric_y": 4,
    "hwtile_count": 22,
    "idle_ce_cycles": 15693,
    "idle_wavelet_cycles": 15729,
    "init_time": 0.07041096687316895,
    "iotile_count": 4,
    "nodes": 1,
    "nultile_count": 48,
    "sim_stop_cause": "Stop due to user request",
    "sim_time": 14.687906980514526,
    "simulated_tile_count": 26,
    "sunset_count": 0,
    "threads": 5,
    "tile_count": 74,
    "tile_cycles_per_second": 206647.14203505084,
    "tile_cycles_per_second_per_thread": 41329.42840701017,
    "total_time": 14.758317947387695
}
