{
    "cycle_count": 112636,
    "cycles_per_second": 16952.4409910298,
    "fabric_x": 11,
    "fabric_y": 4,
    "hwtile_count": 22,
    "idle_ce_cycles": 41818,
    "idle_wavelet_cycles": 41854,
    "init_time": 0.062185049057006836,
    "iotile_count": 4,
    "nodes": 1,
    "nultile_count": 48,
    "sim_stop_cause": "Stop due to user request",
    "sim_time": 6.644234895706177,
    "simulated_tile_count": 26,
    "sunset_count": 0,
    "threads": 5,
    "tile_count": 74,
    "tile_cycles_per_second": 440763.46576677484,
    "tile_cycles_per_second_per_thread": 88152.69315335497,
    "total_time": 6.706419944763184
}
