{
    "cycle_count": 123172,
    "cycles_per_second": 9679.497366312247,
    "fabric_x": 11,
    "fabric_y": 4,
    "hwtile_count": 22,
    "idle_ce_cycles": 21083,
    "idle_wavelet_cycles": 21119,
    "init_time": 0.09037113189697266,
    "iotile_count": 4,
    "nodes": 1,
    "nultile_count": 48,
    "sim_stop_cause": "Stop due to user request",
    "sim_time": 12.725040912628174,
    "simulated_tile_count": 26,
    "sunset_count": 0,
    "threads": 5,
    "tile_count": 74,
    "tile_cycles_per_second": 251666.93152411844,
    "tile_cycles_per_second_per_thread": 50333.38630482369,
    "total_time": 12.815412044525146
}
