{
    "cycle_count": 49136,
    "cycles_per_second": 17407.23784271573,
    "fabric_x": 11,
    "fabric_y": 4,
    "hwtile_count": 22,
    "idle_ce_cycles": 26574,
    "idle_wavelet_cycles": 26610,
    "init_time": 0.030571937561035156,
    "iotile_count": 4,
    "nodes": 1,
    "nultile_count": 48,
    "sim_stop_cause": "Stop due to user request",
    "sim_time": 2.8227338790893555,
    "simulated_tile_count": 26,
    "sunset_count": 0,
    "threads": 5,
    "tile_count": 74,
    "tile_cycles_per_second": 452588.183910609,
    "tile_cycles_per_second_per_thread": 90517.6367821218,
    "total_time": 2.8533058166503906
}
