{
    "cycle_count": 119082,
    "cycles_per_second": 8152.44132774625,
    "fabric_x": 11,
    "fabric_y": 4,
    "hwtile_count": 22,
    "idle_ce_cycles": 16903,
    "idle_wavelet_cycles": 16939,
    "init_time": 0.0814511775970459,
    "iotile_count": 4,
    "nodes": 1,
    "nultile_count": 48,
    "sim_stop_cause": "Stop due to user request",
    "sim_time": 14.606912851333618,
    "simulated_tile_count": 26,
    "sunset_count": 0,
    "threads": 5,
    "tile_count": 74,
    "tile_cycles_per_second": 211963.4745214025,
    "tile_cycles_per_second_per_thread": 42392.6949042805,
    "total_time": 14.688364028930664
}
