{
    "cycle_count": 60907,
    "cycles_per_second": 18730.316895915188,
    "fabric_x": 11,
    "fabric_y": 4,
    "hwtile_count": 22,
    "idle_ce_cycles": 39442,
    "idle_wavelet_cycles": 39478,
    "init_time": 0.037509918212890625,
    "iotile_count": 4,
    "nodes": 1,
    "nultile_count": 48,
    "sim_stop_cause": "Stop due to user request",
    "sim_time": 3.251786947250366,
    "simulated_tile_count": 26,
    "sunset_count": 0,
    "threads": 5,
    "tile_count": 74,
    "tile_cycles_per_second": 486988.2392937949,
    "tile_cycles_per_second_per_thread": 97397.64785875898,
    "total_time": 3.289296865463257
}
