{
    "cycle_count": 142832,
    "cycles_per_second": 12830.836528733651,
    "fabric_x": 11,
    "fabric_y": 4,
    "hwtile_count": 22,
    "idle_ce_cycles": 41213,
    "idle_wavelet_cycles": 41249,
    "init_time": 0.09424805641174316,
    "iotile_count": 4,
    "nodes": 1,
    "nultile_count": 48,
    "sim_stop_cause": "Stop due to user request",
    "sim_time": 11.131932020187378,
    "simulated_tile_count": 26,
    "sunset_count": 0,
    "threads": 5,
    "tile_count": 74,
    "tile_cycles_per_second": 333601.7497470749,
    "tile_cycles_per_second_per_thread": 66720.34994941499,
    "total_time": 11.226180076599121
}
