{
    "cycle_count": 45642,
    "cycles_per_second": 17346.972959909748,
    "fabric_x": 11,
    "fabric_y": 4,
    "hwtile_count": 22,
    "idle_ce_cycles": 22135,
    "idle_wavelet_cycles": 22171,
    "init_time": 0.03130912780761719,
    "iotile_count": 4,
    "nodes": 1,
    "nultile_count": 48,
    "sim_stop_cause": "Stop due to user request",
    "sim_time": 2.631121873855591,
    "simulated_tile_count": 26,
    "sunset_count": 0,
    "threads": 5,
    "tile_count": 74,
    "tile_cycles_per_second": 451021.2969576535,
    "tile_cycles_per_second_per_thread": 90204.2593915307,
    "total_time": 2.662431001663208
}
