{
    "cycle_count": 118549,
    "cycles_per_second": 8104.199404257325,
    "fabric_x": 11,
    "fabric_y": 4,
    "hwtile_count": 22,
    "idle_ce_cycles": 17215,
    "idle_wavelet_cycles": 17251,
    "init_time": 0.09970688819885254,
    "iotile_count": 4,
    "nodes": 1,
    "nultile_count": 48,
    "sim_stop_cause": "Stop due to user request",
    "sim_time": 14.628095149993896,
    "simulated_tile_count": 26,
    "sunset_count": 0,
    "threads": 5,
    "tile_count": 74,
    "tile_cycles_per_second": 210709.18451069045,
    "tile_cycles_per_second_per_thread": 42141.83690213809,
    "total_time": 14.727802038192749
}
