{
    "cycle_count": 118966,
    "cycles_per_second": 7796.189964149026,
    "fabric_x": 11,
    "fabric_y": 4,
    "hwtile_count": 22,
    "idle_ce_cycles": 17856,
    "idle_wavelet_cycles": 17892,
    "init_time": 0.07537508010864258,
    "iotile_count": 4,
    "nodes": 1,
    "nultile_count": 48,
    "sim_stop_cause": "Stop due to user request",
    "sim_time": 15.259505033493042,
    "simulated_tile_count": 26,
    "sunset_count": 0,
    "threads": 5,
    "tile_count": 74,
    "tile_cycles_per_second": 202700.9390678747,
    "tile_cycles_per_second_per_thread": 40540.187813574936,
    "total_time": 15.334880113601685
}
