{
    "cycle_count": 35862,
    "cycles_per_second": 9855.728656854759,
    "fabric_x": 11,
    "fabric_y": 4,
    "hwtile_count": 22,
    "idle_ce_cycles": 14239,
    "idle_wavelet_cycles": 14275,
    "init_time": 0.02979302406311035,
    "iotile_count": 4,
    "nodes": 1,
    "nultile_count": 48,
    "sim_stop_cause": "Stop due to user request",
    "sim_time": 3.6386959552764893,
    "simulated_tile_count": 26,
    "sunset_count": 0,
    "threads": 5,
    "tile_count": 74,
    "tile_cycles_per_second": 256248.94507822374,
    "tile_cycles_per_second_per_thread": 51249.78901564475,
    "total_time": 3.6684889793395996
}
