{
    "cycle_count": 38377,
    "cycles_per_second": 11697.533926486798,
    "fabric_x": 11,
    "fabric_y": 4,
    "hwtile_count": 22,
    "idle_ce_cycles": 15899,
    "idle_wavelet_cycles": 15935,
    "init_time": 0.03799891471862793,
    "iotile_count": 4,
    "nodes": 1,
    "nultile_count": 48,
    "sim_stop_cause": "Stop due to user request",
    "sim_time": 3.2807769775390625,
    "simulated_tile_count": 26,
    "sunset_count": 0,
    "threads": 5,
    "tile_count": 74,
    "tile_cycles_per_second": 304135.88208865677,
    "tile_cycles_per_second_per_thread": 60827.17641773135,
    "total_time": 3.3187758922576904
}
