{
    "cycle_count": 99890,
    "cycles_per_second": 2275.9736477307847,
    "fabric_x": 15,
    "fabric_y": 18,
    "hwtile_count": 212,
    "idle_ce_cycles": 3285,
    "idle_wavelet_cycles": 3345,
    "init_time": 0.18329906463623047,
    "iotile_count": 4,
    "nodes": 1,
    "nultile_count": 120,
    "sim_stop_cause": "Stop due to user request",
    "sim_time": 43.88890886306763,
    "simulated_tile_count": 216,
    "sunset_count": 0,
    "threads": 64,
    "tile_count": 336,
    "tile_cycles_per_second": 491610.3079098495,
    "tile_cycles_per_second_per_thread": 7681.411061091399,
    "total_time": 44.07220792770386
}
