{
    "cycle_count": 100780,
    "cycles_per_second": 2363.7988147988867,
    "fabric_x": 15,
    "fabric_y": 18,
    "hwtile_count": 212,
    "idle_ce_cycles": 4171,
    "idle_wavelet_cycles": 4231,
    "init_time": 0.18120098114013672,
    "iotile_count": 4,
    "nodes": 1,
    "nultile_count": 120,
    "sim_stop_cause": "Stop due to user request",
    "sim_time": 42.63476204872131,
    "simulated_tile_count": 216,
    "sunset_count": 0,
    "threads": 64,
    "tile_count": 336,
    "tile_cycles_per_second": 510580.5439965595,
    "tile_cycles_per_second_per_thread": 7977.820999946242,
    "total_time": 42.81596302986145
}
