{
    "cycle_count": 102523,
    "cycles_per_second": 2889.6653280651576,
    "fabric_x": 23,
    "fabric_y": 10,
    "hwtile_count": 172,
    "idle_ce_cycles": 4342,
    "idle_wavelet_cycles": 4387,
    "init_time": 0.15477800369262695,
    "iotile_count": 4,
    "nodes": 1,
    "nultile_count": 120,
    "sim_stop_cause": "Stop due to user request",
    "sim_time": 35.47919511795044,
    "simulated_tile_count": 176,
    "sunset_count": 0,
    "threads": 64,
    "tile_count": 296,
    "tile_cycles_per_second": 508581.09773946775,
    "tile_cycles_per_second_per_thread": 7946.5796521791835,
    "total_time": 35.633973121643066
}
