{
    "cycle_count": 101864,
    "cycles_per_second": 522.3530294186644,
    "fabric_x": 23,
    "fabric_y": 10,
    "hwtile_count": 172,
    "idle_ce_cycles": 3681,
    "idle_wavelet_cycles": 3726,
    "init_time": 0.21317100524902344,
    "iotile_count": 4,
    "nodes": 1,
    "nultile_count": 120,
    "sim_stop_cause": "Stop due to user request",
    "sim_time": 195.00987696647644,
    "simulated_tile_count": 176,
    "sunset_count": 0,
    "threads": 64,
    "tile_count": 296,
    "tile_cycles_per_second": 91934.13317768494,
    "tile_cycles_per_second_per_thread": 1436.4708309013272,
    "total_time": 195.22304797172546
}
