{
    "cycle_count": 88719,
    "cycles_per_second": 7047.457709481898,
    "fabric_x": 15,
    "fabric_y": 3,
    "hwtile_count": 17,
    "idle_ce_cycles": 18944,
    "idle_wavelet_cycles": 18999,
    "init_time": 0.054643869400024414,
    "iotile_count": 4,
    "nodes": 1,
    "nultile_count": 60,
    "sim_stop_cause": "Stop due to user request",
    "sim_time": 12.588794946670532,
    "simulated_tile_count": 21,
    "sunset_count": 0,
    "threads": 5,
    "tile_count": 81,
    "tile_cycles_per_second": 147996.61189911986,
    "tile_cycles_per_second_per_thread": 29599.32237982397,
    "total_time": 12.643438816070557
}
