{
    "cycle_count": 136663,
    "cycles_per_second": 10263.143258491797,
    "fabric_x": 15,
    "fabric_y": 3,
    "hwtile_count": 17,
    "idle_ce_cycles": 30980,
    "idle_wavelet_cycles": 31035,
    "init_time": 0.05950593948364258,
    "iotile_count": 4,
    "nodes": 1,
    "nultile_count": 60,
    "sim_stop_cause": "Stop due to user request",
    "sim_time": 13.315901041030884,
    "simulated_tile_count": 21,
    "sunset_count": 0,
    "threads": 5,
    "tile_count": 81,
    "tile_cycles_per_second": 215526.00842832774,
    "tile_cycles_per_second_per_thread": 43105.20168566555,
    "total_time": 13.375406980514526
}
