{
    "cycle_count": 47782,
    "cycles_per_second": 14284.36450275556,
    "fabric_x": 15,
    "fabric_y": 3,
    "hwtile_count": 17,
    "idle_ce_cycles": 24634,
    "idle_wavelet_cycles": 24689,
    "init_time": 0.03247690200805664,
    "iotile_count": 4,
    "nodes": 1,
    "nultile_count": 60,
    "sim_stop_cause": "Stop due to user request",
    "sim_time": 3.3450560569763184,
    "simulated_tile_count": 21,
    "sunset_count": 0,
    "threads": 5,
    "tile_count": 81,
    "tile_cycles_per_second": 299971.65455786674,
    "tile_cycles_per_second_per_thread": 59994.33091157335,
    "total_time": 3.377532958984375
}
