{
    "cycle_count": 46955,
    "cycles_per_second": 16011.821275712844,
    "fabric_x": 15,
    "fabric_y": 3,
    "hwtile_count": 17,
    "idle_ce_cycles": 22594,
    "idle_wavelet_cycles": 22649,
    "init_time": 0.03026103973388672,
    "iotile_count": 4,
    "nodes": 1,
    "nultile_count": 60,
    "sim_stop_cause": "Stop due to user request",
    "sim_time": 2.932520866394043,
    "simulated_tile_count": 21,
    "sunset_count": 0,
    "threads": 5,
    "tile_count": 81,
    "tile_cycles_per_second": 336248.24678996974,
    "tile_cycles_per_second_per_thread": 67249.64935799394,
    "total_time": 2.9627819061279297
}
