{
    "cycle_count": 66313,
    "cycles_per_second": 25322.948248432433,
    "fabric_x": 15,
    "fabric_y": 3,
    "hwtile_count": 17,
    "idle_ce_cycles": 41826,
    "idle_wavelet_cycles": 41881,
    "init_time": 0.02748703956604004,
    "iotile_count": 4,
    "nodes": 1,
    "nultile_count": 60,
    "sim_stop_cause": "Stop due to user request",
    "sim_time": 2.618691921234131,
    "simulated_tile_count": 21,
    "sunset_count": 0,
    "threads": 5,
    "tile_count": 81,
    "tile_cycles_per_second": 531781.9132170811,
    "tile_cycles_per_second_per_thread": 106356.38264341622,
    "total_time": 2.646178960800171
}
