{
    "cycle_count": 147223,
    "cycles_per_second": 14275.427769293921,
    "fabric_x": 15,
    "fabric_y": 3,
    "hwtile_count": 17,
    "idle_ce_cycles": 42442,
    "idle_wavelet_cycles": 42497,
    "init_time": 0.0558469295501709,
    "iotile_count": 4,
    "nodes": 1,
    "nultile_count": 60,
    "sim_stop_cause": "Stop due to user request",
    "sim_time": 10.31303596496582,
    "simulated_tile_count": 21,
    "sunset_count": 0,
    "threads": 5,
    "tile_count": 81,
    "tile_cycles_per_second": 299783.9831551723,
    "tile_cycles_per_second_per_thread": 59956.796631034464,
    "total_time": 10.368882894515991
}
