{
    "cycle_count": 44284,
    "cycles_per_second": 13312.834349102264,
    "fabric_x": 15,
    "fabric_y": 3,
    "hwtile_count": 17,
    "idle_ce_cycles": 20824,
    "idle_wavelet_cycles": 20879,
    "init_time": 0.03152799606323242,
    "iotile_count": 4,
    "nodes": 1,
    "nultile_count": 60,
    "sim_stop_cause": "Stop due to user request",
    "sim_time": 3.326414108276367,
    "simulated_tile_count": 21,
    "sunset_count": 0,
    "threads": 5,
    "tile_count": 81,
    "tile_cycles_per_second": 279569.5213311475,
    "tile_cycles_per_second_per_thread": 55913.9042662295,
    "total_time": 3.3579421043395996
}
