{
    "cycle_count": 37980,
    "cycles_per_second": 9513.260779986304,
    "fabric_x": 15,
    "fabric_y": 3,
    "hwtile_count": 17,
    "idle_ce_cycles": 15648,
    "idle_wavelet_cycles": 15703,
    "init_time": 0.02116107940673828,
    "iotile_count": 4,
    "nodes": 1,
    "nultile_count": 60,
    "sim_stop_cause": "Stop due to user request",
    "sim_time": 3.9923219680786133,
    "simulated_tile_count": 21,
    "sunset_count": 0,
    "threads": 5,
    "tile_count": 81,
    "tile_cycles_per_second": 199778.47637971237,
    "tile_cycles_per_second_per_thread": 39955.695275942475,
    "total_time": 4.013483047485352
}
