{
    "cycle_count": 121033,
    "cycles_per_second": 7963.096663503488,
    "fabric_x": 15,
    "fabric_y": 3,
    "hwtile_count": 17,
    "idle_ce_cycles": 16067,
    "idle_wavelet_cycles": 16122,
    "init_time": 0.07103300094604492,
    "iotile_count": 4,
    "nodes": 1,
    "nultile_count": 60,
    "sim_stop_cause": "Stop due to user request",
    "sim_time": 15.199237823486328,
    "simulated_tile_count": 21,
    "sunset_count": 0,
    "threads": 5,
    "tile_count": 81,
    "tile_cycles_per_second": 167225.02993357324,
    "tile_cycles_per_second_per_thread": 33445.00598671465,
    "total_time": 15.270270824432373
}
