{
    "cycle_count": 40992,
    "cycles_per_second": 10341.95667182663,
    "fabric_x": 15,
    "fabric_y": 3,
    "hwtile_count": 17,
    "idle_ce_cycles": 17762,
    "idle_wavelet_cycles": 17817,
    "init_time": 0.03325390815734863,
    "iotile_count": 4,
    "nodes": 1,
    "nultile_count": 60,
    "sim_stop_cause": "Stop due to user request",
    "sim_time": 3.9636600017547607,
    "simulated_tile_count": 21,
    "sunset_count": 0,
    "threads": 5,
    "tile_count": 81,
    "tile_cycles_per_second": 217181.09010835923,
    "tile_cycles_per_second_per_thread": 43436.21802167185,
    "total_time": 3.9969139099121094
}
