{
    "cycle_count": 39283,
    "cycles_per_second": 10582.881775549304,
    "fabric_x": 15,
    "fabric_y": 3,
    "hwtile_count": 17,
    "idle_ce_cycles": 15966,
    "idle_wavelet_cycles": 16021,
    "init_time": 0.028844118118286133,
    "iotile_count": 4,
    "nodes": 1,
    "nultile_count": 60,
    "sim_stop_cause": "Stop due to user request",
    "sim_time": 3.71193790435791,
    "simulated_tile_count": 21,
    "sunset_count": 0,
    "threads": 5,
    "tile_count": 81,
    "tile_cycles_per_second": 222240.51728653538,
    "tile_cycles_per_second_per_thread": 44448.10345730708,
    "total_time": 3.7407820224761963
}
