{
    "cycle_count": 65086,
    "cycles_per_second": 19891.43778830385,
    "fabric_x": 15,
    "fabric_y": 3,
    "hwtile_count": 17,
    "idle_ce_cycles": 41916,
    "idle_wavelet_cycles": 41971,
    "init_time": 0.029031991958618164,
    "iotile_count": 4,
    "nodes": 1,
    "nultile_count": 60,
    "sim_stop_cause": "Stop due to user request",
    "sim_time": 3.2720611095428467,
    "simulated_tile_count": 21,
    "sunset_count": 0,
    "threads": 5,
    "tile_count": 81,
    "tile_cycles_per_second": 417720.19355438085,
    "tile_cycles_per_second_per_thread": 83544.03871087616,
    "total_time": 3.301093101501465
}
