{
    "cycle_count": 49403,
    "cycles_per_second": 15160.001102698774,
    "fabric_x": 15,
    "fabric_y": 3,
    "hwtile_count": 17,
    "idle_ce_cycles": 26094,
    "idle_wavelet_cycles": 26149,
    "init_time": 0.027312040328979492,
    "iotile_count": 4,
    "nodes": 1,
    "nultile_count": 60,
    "sim_stop_cause": "Stop due to user request",
    "sim_time": 3.258772850036621,
    "simulated_tile_count": 21,
    "sunset_count": 0,
    "threads": 5,
    "tile_count": 81,
    "tile_cycles_per_second": 318360.02315667423,
    "tile_cycles_per_second_per_thread": 63672.00463133484,
    "total_time": 3.2860848903656006
}
