{
    "cycle_count": 38794,
    "cycles_per_second": 9966.529479339952,
    "fabric_x": 15,
    "fabric_y": 3,
    "hwtile_count": 17,
    "idle_ce_cycles": 16510,
    "idle_wavelet_cycles": 16565,
    "init_time": 0.02740192413330078,
    "iotile_count": 4,
    "nodes": 1,
    "nultile_count": 60,
    "sim_stop_cause": "Stop due to user request",
    "sim_time": 3.892428159713745,
    "simulated_tile_count": 21,
    "sunset_count": 0,
    "threads": 5,
    "tile_count": 81,
    "tile_cycles_per_second": 209297.11906613898,
    "tile_cycles_per_second_per_thread": 41859.4238132278,
    "total_time": 3.919830083847046
}
