{
    "cycle_count": 145494,
    "cycles_per_second": 14742.106204726162,
    "fabric_x": 15,
    "fabric_y": 3,
    "hwtile_count": 17,
    "idle_ce_cycles": 41248,
    "idle_wavelet_cycles": 41303,
    "init_time": 0.07227802276611328,
    "iotile_count": 4,
    "nodes": 1,
    "nultile_count": 60,
    "sim_stop_cause": "Stop due to user request",
    "sim_time": 9.869281768798828,
    "simulated_tile_count": 21,
    "sunset_count": 0,
    "threads": 5,
    "tile_count": 81,
    "tile_cycles_per_second": 309584.2302992494,
    "tile_cycles_per_second_per_thread": 61916.84605984988,
    "total_time": 9.941559791564941
}
