{
    "cycle_count": 104940,
    "cycles_per_second": 11569.196085784375,
    "fabric_x": 15,
    "fabric_y": 3,
    "hwtile_count": 17,
    "idle_ce_cycles": 35865,
    "idle_wavelet_cycles": 35920,
    "init_time": 0.07077193260192871,
    "iotile_count": 4,
    "nodes": 1,
    "nultile_count": 60,
    "sim_stop_cause": "Stop due to user request",
    "sim_time": 9.07063889503479,
    "simulated_tile_count": 21,
    "sunset_count": 0,
    "threads": 5,
    "tile_count": 81,
    "tile_cycles_per_second": 242953.11780147188,
    "tile_cycles_per_second_per_thread": 48590.62356029438,
    "total_time": 9.141410827636719
}
