{
    "cycle_count": 130098,
    "cycles_per_second": 11100.627537498374,
    "fabric_x": 15,
    "fabric_y": 3,
    "hwtile_count": 17,
    "idle_ce_cycles": 25546,
    "idle_wavelet_cycles": 25601,
    "init_time": 0.0583338737487793,
    "iotile_count": 4,
    "nodes": 1,
    "nultile_count": 60,
    "sim_stop_cause": "Stop due to user request",
    "sim_time": 11.71987795829773,
    "simulated_tile_count": 21,
    "sunset_count": 0,
    "threads": 5,
    "tile_count": 81,
    "tile_cycles_per_second": 233113.17828746585,
    "tile_cycles_per_second_per_thread": 46622.63565749317,
    "total_time": 11.778211832046509
}
