{
    "cycle_count": 42662,
    "cycles_per_second": 14341.045443918876,
    "fabric_x": 15,
    "fabric_y": 3,
    "hwtile_count": 17,
    "idle_ce_cycles": 18628,
    "idle_wavelet_cycles": 18683,
    "init_time": 0.03139901161193848,
    "iotile_count": 4,
    "nodes": 1,
    "nultile_count": 60,
    "sim_stop_cause": "Stop due to user request",
    "sim_time": 2.974817991256714,
    "simulated_tile_count": 21,
    "sunset_count": 0,
    "threads": 5,
    "tile_count": 81,
    "tile_cycles_per_second": 301161.9543222964,
    "tile_cycles_per_second_per_thread": 60232.39086445929,
    "total_time": 3.0062170028686523
}
