{
    "cycle_count": 66921,
    "cycles_per_second": 26228.33800556362,
    "fabric_x": 15,
    "fabric_y": 3,
    "hwtile_count": 17,
    "idle_ce_cycles": 42666,
    "idle_wavelet_cycles": 42721,
    "init_time": 0.02992105484008789,
    "iotile_count": 4,
    "nodes": 1,
    "nultile_count": 60,
    "sim_stop_cause": "Stop due to user request",
    "sim_time": 2.5514769554138184,
    "simulated_tile_count": 21,
    "sunset_count": 0,
    "threads": 5,
    "tile_count": 81,
    "tile_cycles_per_second": 550795.098116836,
    "tile_cycles_per_second_per_thread": 110159.0196233672,
    "total_time": 2.5813980102539063
}
