{
    "cycle_count": 36945,
    "cycles_per_second": 9550.178548581252,
    "fabric_x": 15,
    "fabric_y": 3,
    "hwtile_count": 17,
    "idle_ce_cycles": 13904,
    "idle_wavelet_cycles": 13959,
    "init_time": 0.030035972595214844,
    "iotile_count": 4,
    "nodes": 1,
    "nultile_count": 60,
    "sim_stop_cause": "Stop due to user request",
    "sim_time": 3.868514060974121,
    "simulated_tile_count": 21,
    "sunset_count": 0,
    "threads": 5,
    "tile_count": 81,
    "tile_cycles_per_second": 200553.7495202063,
    "tile_cycles_per_second_per_thread": 40110.74990404126,
    "total_time": 3.898550033569336
}
