{
    "cycle_count": 55217,
    "cycles_per_second": 20155.76578128054,
    "fabric_x": 15,
    "fabric_y": 3,
    "hwtile_count": 17,
    "idle_ce_cycles": 30790,
    "idle_wavelet_cycles": 30845,
    "init_time": 0.027352094650268555,
    "iotile_count": 4,
    "nodes": 1,
    "nultile_count": 60,
    "sim_stop_cause": "Stop due to user request",
    "sim_time": 2.739513874053955,
    "simulated_tile_count": 21,
    "sunset_count": 0,
    "threads": 5,
    "tile_count": 81,
    "tile_cycles_per_second": 423271.08140689135,
    "tile_cycles_per_second_per_thread": 84654.21628137826,
    "total_time": 2.7668659687042236
}
