{
    "cycle_count": 112350,
    "cycles_per_second": 11952.40098579713,
    "fabric_x": 15,
    "fabric_y": 3,
    "hwtile_count": 17,
    "idle_ce_cycles": 42221,
    "idle_wavelet_cycles": 42276,
    "init_time": 0.06752800941467285,
    "iotile_count": 4,
    "nodes": 1,
    "nultile_count": 60,
    "sim_stop_cause": "Stop due to user request",
    "sim_time": 9.399785041809082,
    "simulated_tile_count": 21,
    "sunset_count": 0,
    "threads": 5,
    "tile_count": 81,
    "tile_cycles_per_second": 251000.42070173973,
    "tile_cycles_per_second_per_thread": 50200.08414034794,
    "total_time": 9.467313051223755
}
