{
    "cycle_count": 131304,
    "cycles_per_second": 11055.124285456799,
    "fabric_x": 15,
    "fabric_y": 3,
    "hwtile_count": 17,
    "idle_ce_cycles": 26800,
    "idle_wavelet_cycles": 26855,
    "init_time": 0.057327985763549805,
    "iotile_count": 4,
    "nodes": 1,
    "nultile_count": 60,
    "sim_stop_cause": "Stop due to user request",
    "sim_time": 11.877207040786743,
    "simulated_tile_count": 21,
    "sunset_count": 0,
    "threads": 5,
    "tile_count": 81,
    "tile_cycles_per_second": 232157.60999459279,
    "tile_cycles_per_second_per_thread": 46431.52199891856,
    "total_time": 11.934535026550293
}
