{
    "cycle_count": 127944,
    "cycles_per_second": 9600.352340689084,
    "fabric_x": 15,
    "fabric_y": 3,
    "hwtile_count": 17,
    "idle_ce_cycles": 23700,
    "idle_wavelet_cycles": 23755,
    "init_time": 0.056739091873168945,
    "iotile_count": 4,
    "nodes": 1,
    "nultile_count": 60,
    "sim_stop_cause": "Stop due to user request",
    "sim_time": 13.327010869979858,
    "simulated_tile_count": 21,
    "sunset_count": 0,
    "threads": 5,
    "tile_count": 81,
    "tile_cycles_per_second": 201607.39915447077,
    "tile_cycles_per_second_per_thread": 40321.47983089415,
    "total_time": 13.383749961853027
}
