{
    "cycle_count": 43930,
    "cycles_per_second": 13414.72739616471,
    "fabric_x": 15,
    "fabric_y": 3,
    "hwtile_count": 17,
    "idle_ce_cycles": 21106,
    "idle_wavelet_cycles": 21161,
    "init_time": 0.02674698829650879,
    "iotile_count": 4,
    "nodes": 1,
    "nultile_count": 60,
    "sim_stop_cause": "Stop due to user request",
    "sim_time": 3.27475905418396,
    "simulated_tile_count": 21,
    "sunset_count": 0,
    "threads": 5,
    "tile_count": 81,
    "tile_cycles_per_second": 281709.2753194589,
    "tile_cycles_per_second_per_thread": 56341.85506389178,
    "total_time": 3.3015060424804688
}
