{
    "cycle_count": 134248,
    "cycles_per_second": 11753.820438182682,
    "fabric_x": 15,
    "fabric_y": 3,
    "hwtile_count": 17,
    "idle_ce_cycles": 28837,
    "idle_wavelet_cycles": 28892,
    "init_time": 0.07562088966369629,
    "iotile_count": 4,
    "nodes": 1,
    "nultile_count": 60,
    "sim_stop_cause": "Stop due to user request",
    "sim_time": 11.421648025512695,
    "simulated_tile_count": 21,
    "sunset_count": 0,
    "threads": 5,
    "tile_count": 81,
    "tile_cycles_per_second": 246830.2292018363,
    "tile_cycles_per_second_per_thread": 49366.04584036726,
    "total_time": 11.497268915176392
}
