{
    "cycle_count": 44647,
    "cycles_per_second": 11886.828714107698,
    "fabric_x": 15,
    "fabric_y": 3,
    "hwtile_count": 17,
    "idle_ce_cycles": 22298,
    "idle_wavelet_cycles": 22353,
    "init_time": 0.03448796272277832,
    "iotile_count": 4,
    "nodes": 1,
    "nultile_count": 60,
    "sim_stop_cause": "Stop due to user request",
    "sim_time": 3.7560060024261475,
    "simulated_tile_count": 21,
    "sunset_count": 0,
    "threads": 5,
    "tile_count": 81,
    "tile_cycles_per_second": 249623.40299626166,
    "tile_cycles_per_second_per_thread": 49924.68059925233,
    "total_time": 3.790493965148926
}
