{
    "cycle_count": 148832,
    "cycles_per_second": 14031.068085198585,
    "fabric_x": 15,
    "fabric_y": 3,
    "hwtile_count": 17,
    "idle_ce_cycles": 42469,
    "idle_wavelet_cycles": 42524,
    "init_time": 0.07123804092407227,
    "iotile_count": 4,
    "nodes": 1,
    "nultile_count": 60,
    "sim_stop_cause": "Stop due to user request",
    "sim_time": 10.607317924499512,
    "simulated_tile_count": 21,
    "sunset_count": 0,
    "threads": 5,
    "tile_count": 81,
    "tile_cycles_per_second": 294652.4297891703,
    "tile_cycles_per_second_per_thread": 58930.485957834055,
    "total_time": 10.678555965423584
}
