{
    "cycle_count": 131838,
    "cycles_per_second": 10614.934007782666,
    "fabric_x": 15,
    "fabric_y": 3,
    "hwtile_count": 17,
    "idle_ce_cycles": 26739,
    "idle_wavelet_cycles": 26794,
    "init_time": 0.0726630687713623,
    "iotile_count": 4,
    "nodes": 1,
    "nultile_count": 60,
    "sim_stop_cause": "Stop due to user request",
    "sim_time": 12.420048952102661,
    "simulated_tile_count": 21,
    "sunset_count": 0,
    "threads": 5,
    "tile_count": 81,
    "tile_cycles_per_second": 222913.61416343597,
    "tile_cycles_per_second_per_thread": 44582.72283268719,
    "total_time": 12.492712020874023
}
