{
    "cycle_count": 90306,
    "cycles_per_second": 8083.408789075238,
    "fabric_x": 15,
    "fabric_y": 3,
    "hwtile_count": 17,
    "idle_ce_cycles": 20966,
    "idle_wavelet_cycles": 21021,
    "init_time": 0.06343483924865723,
    "iotile_count": 4,
    "nodes": 1,
    "nultile_count": 60,
    "sim_stop_cause": "Stop due to user request",
    "sim_time": 11.171772003173828,
    "simulated_tile_count": 21,
    "sunset_count": 0,
    "threads": 5,
    "tile_count": 81,
    "tile_cycles_per_second": 169751.58457058,
    "tile_cycles_per_second_per_thread": 33950.316914115996,
    "total_time": 11.235206842422485
}
