{
    "cycle_count": 127719,
    "cycles_per_second": 9212.33559542955,
    "fabric_x": 15,
    "fabric_y": 3,
    "hwtile_count": 17,
    "idle_ce_cycles": 23298,
    "idle_wavelet_cycles": 23353,
    "init_time": 0.05664992332458496,
    "iotile_count": 4,
    "nodes": 1,
    "nultile_count": 60,
    "sim_stop_cause": "Stop due to user request",
    "sim_time": 13.863910913467407,
    "simulated_tile_count": 21,
    "sunset_count": 0,
    "threads": 5,
    "tile_count": 81,
    "tile_cycles_per_second": 193459.04750402053,
    "tile_cycles_per_second_per_thread": 38691.809500804105,
    "total_time": 13.920560836791992
}
