{
    "cycle_count": 96973,
    "cycles_per_second": 10911.001642253199,
    "fabric_x": 15,
    "fabric_y": 3,
    "hwtile_count": 17,
    "idle_ce_cycles": 26537,
    "idle_wavelet_cycles": 26592,
    "init_time": 0.06661295890808105,
    "iotile_count": 4,
    "nodes": 1,
    "nultile_count": 60,
    "sim_stop_cause": "Stop due to user request",
    "sim_time": 8.887634992599487,
    "simulated_tile_count": 21,
    "sunset_count": 0,
    "threads": 5,
    "tile_count": 81,
    "tile_cycles_per_second": 229131.03448731717,
    "tile_cycles_per_second_per_thread": 45826.20689746343,
    "total_time": 8.954247951507568
}
