{
    "cycle_count": 122174,
    "cycles_per_second": 8304.646604888452,
    "fabric_x": 15,
    "fabric_y": 3,
    "hwtile_count": 17,
    "idle_ce_cycles": 16030,
    "idle_wavelet_cycles": 16085,
    "init_time": 0.05626988410949707,
    "iotile_count": 4,
    "nodes": 1,
    "nultile_count": 60,
    "sim_stop_cause": "Stop due to user request",
    "sim_time": 14.711523056030273,
    "simulated_tile_count": 21,
    "sunset_count": 0,
    "threads": 5,
    "tile_count": 81,
    "tile_cycles_per_second": 174397.57870265748,
    "tile_cycles_per_second_per_thread": 34879.5157405315,
    "total_time": 14.76779294013977
}
