{
    "cycle_count": 150941,
    "cycles_per_second": 14909.559759882335,
    "fabric_x": 15,
    "fabric_y": 3,
    "hwtile_count": 17,
    "idle_ce_cycles": 44198,
    "idle_wavelet_cycles": 44253,
    "init_time": 0.05896806716918945,
    "iotile_count": 4,
    "nodes": 1,
    "nultile_count": 60,
    "sim_stop_cause": "Stop due to user request",
    "sim_time": 10.123773097991943,
    "simulated_tile_count": 21,
    "sunset_count": 0,
    "threads": 5,
    "tile_count": 81,
    "tile_cycles_per_second": 313100.754957529,
    "tile_cycles_per_second_per_thread": 62620.150991505805,
    "total_time": 10.182741165161133
}
