{
    "cycle_count": 119277,
    "cycles_per_second": 7797.536105640651,
    "fabric_x": 15,
    "fabric_y": 3,
    "hwtile_count": 17,
    "idle_ce_cycles": 14215,
    "idle_wavelet_cycles": 14270,
    "init_time": 0.07169413566589355,
    "iotile_count": 4,
    "nodes": 1,
    "nultile_count": 60,
    "sim_stop_cause": "Stop due to user request",
    "sim_time": 15.296755075454712,
    "simulated_tile_count": 21,
    "sunset_count": 0,
    "threads": 5,
    "tile_count": 81,
    "tile_cycles_per_second": 163748.25821845367,
    "tile_cycles_per_second_per_thread": 32749.651643690733,
    "total_time": 15.368449211120605
}
