{
    "cycle_count": 138959,
    "cycles_per_second": 12060.011614301307,
    "fabric_x": 15,
    "fabric_y": 3,
    "hwtile_count": 17,
    "idle_ce_cycles": 32967,
    "idle_wavelet_cycles": 33022,
    "init_time": 0.05425095558166504,
    "iotile_count": 4,
    "nodes": 1,
    "nultile_count": 60,
    "sim_stop_cause": "Stop due to user request",
    "sim_time": 11.522294044494629,
    "simulated_tile_count": 21,
    "sunset_count": 0,
    "threads": 5,
    "tile_count": 81,
    "tile_cycles_per_second": 253260.24390032745,
    "tile_cycles_per_second_per_thread": 50652.04878006549,
    "total_time": 11.576545000076294
}
