{
    "cycle_count": 37290,
    "cycles_per_second": 9596.708824612739,
    "fabric_x": 15,
    "fabric_y": 3,
    "hwtile_count": 17,
    "idle_ce_cycles": 14744,
    "idle_wavelet_cycles": 14799,
    "init_time": 0.026025056838989258,
    "iotile_count": 4,
    "nodes": 1,
    "nultile_count": 60,
    "sim_stop_cause": "Stop due to user request",
    "sim_time": 3.885707139968872,
    "simulated_tile_count": 21,
    "sunset_count": 0,
    "threads": 5,
    "tile_count": 81,
    "tile_cycles_per_second": 201530.8853168675,
    "tile_cycles_per_second_per_thread": 40306.1770633735,
    "total_time": 3.9117321968078613
}
