{
    "cycle_count": 59284,
    "cycles_per_second": 19304.644807359295,
    "fabric_x": 15,
    "fabric_y": 3,
    "hwtile_count": 17,
    "idle_ce_cycles": 35976,
    "idle_wavelet_cycles": 36031,
    "init_time": 0.02783203125,
    "iotile_count": 4,
    "nodes": 1,
    "nultile_count": 60,
    "sim_stop_cause": "Stop due to user request",
    "sim_time": 3.0709707736968994,
    "simulated_tile_count": 21,
    "sunset_count": 0,
    "threads": 5,
    "tile_count": 81,
    "tile_cycles_per_second": 405397.5409545452,
    "tile_cycles_per_second_per_thread": 81079.50819090904,
    "total_time": 3.0988028049468994
}
