{
    "cycle_count": 88712,
    "cycles_per_second": 7522.3041703759955,
    "fabric_x": 15,
    "fabric_y": 3,
    "hwtile_count": 17,
    "idle_ce_cycles": 17707,
    "idle_wavelet_cycles": 17762,
    "init_time": 0.06696796417236328,
    "iotile_count": 4,
    "nodes": 1,
    "nultile_count": 60,
    "sim_stop_cause": "Stop due to user request",
    "sim_time": 11.793195009231567,
    "simulated_tile_count": 21,
    "sunset_count": 0,
    "threads": 5,
    "tile_count": 81,
    "tile_cycles_per_second": 157968.3875778959,
    "tile_cycles_per_second_per_thread": 31593.677515579177,
    "total_time": 11.86016297340393
}
