{
    "cycle_count": 57872,
    "cycles_per_second": 18277.616547602098,
    "fabric_x": 15,
    "fabric_y": 3,
    "hwtile_count": 17,
    "idle_ce_cycles": 34845,
    "idle_wavelet_cycles": 34900,
    "init_time": 0.02748394012451172,
    "iotile_count": 4,
    "nodes": 1,
    "nultile_count": 60,
    "sim_stop_cause": "Stop due to user request",
    "sim_time": 3.1662771701812744,
    "simulated_tile_count": 21,
    "sunset_count": 0,
    "threads": 5,
    "tile_count": 81,
    "tile_cycles_per_second": 383829.94749964407,
    "tile_cycles_per_second_per_thread": 76765.98949992881,
    "total_time": 3.193761110305786
}
