{
    "cycle_count": 96884,
    "cycles_per_second": 11273.529338184671,
    "fabric_x": 15,
    "fabric_y": 3,
    "hwtile_count": 17,
    "idle_ce_cycles": 26195,
    "idle_wavelet_cycles": 26250,
    "init_time": 0.0695040225982666,
    "iotile_count": 4,
    "nodes": 1,
    "nultile_count": 60,
    "sim_stop_cause": "Stop due to user request",
    "sim_time": 8.593936920166016,
    "simulated_tile_count": 21,
    "sunset_count": 0,
    "threads": 5,
    "tile_count": 81,
    "tile_cycles_per_second": 236744.1161018781,
    "tile_cycles_per_second_per_thread": 47348.82322037562,
    "total_time": 8.663440942764282
}
