{
    "cycle_count": 83015,
    "cycles_per_second": 5969.731687599867,
    "fabric_x": 15,
    "fabric_y": 3,
    "hwtile_count": 17,
    "idle_ce_cycles": 14111,
    "idle_wavelet_cycles": 14166,
    "init_time": 0.055043935775756836,
    "iotile_count": 4,
    "nodes": 1,
    "nultile_count": 60,
    "sim_stop_cause": "Stop due to user request",
    "sim_time": 13.905985116958618,
    "simulated_tile_count": 21,
    "sunset_count": 0,
    "threads": 5,
    "tile_count": 81,
    "tile_cycles_per_second": 125364.3654395972,
    "tile_cycles_per_second_per_thread": 25072.87308791944,
    "total_time": 13.961029052734375
}
