{
    "cycle_count": 91982,
    "cycles_per_second": 8201.02282079554,
    "fabric_x": 15,
    "fabric_y": 3,
    "hwtile_count": 17,
    "idle_ce_cycles": 22525,
    "idle_wavelet_cycles": 22580,
    "init_time": 0.06815195083618164,
    "iotile_count": 4,
    "nodes": 1,
    "nultile_count": 60,
    "sim_stop_cause": "Stop due to user request",
    "sim_time": 11.215918064117432,
    "simulated_tile_count": 21,
    "sunset_count": 0,
    "threads": 5,
    "tile_count": 81,
    "tile_cycles_per_second": 172221.47923670636,
    "tile_cycles_per_second_per_thread": 34444.29584734127,
    "total_time": 11.284070014953613
}
