{
    "cycle_count": 85865,
    "cycles_per_second": 7806.007729064466,
    "fabric_x": 15,
    "fabric_y": 3,
    "hwtile_count": 17,
    "idle_ce_cycles": 15606,
    "idle_wavelet_cycles": 15661,
    "init_time": 0.0541689395904541,
    "iotile_count": 4,
    "nodes": 1,
    "nultile_count": 60,
    "sim_stop_cause": "Stop due to user request",
    "sim_time": 10.999861001968384,
    "simulated_tile_count": 21,
    "sunset_count": 0,
    "threads": 5,
    "tile_count": 81,
    "tile_cycles_per_second": 163926.16231035377,
    "tile_cycles_per_second_per_thread": 32785.23246207075,
    "total_time": 11.054029941558838
}
