{
    "cycle_count": 43845,
    "cycles_per_second": 12041.16108951536,
    "fabric_x": 15,
    "fabric_y": 3,
    "hwtile_count": 17,
    "idle_ce_cycles": 20715,
    "idle_wavelet_cycles": 20770,
    "init_time": 0.027112960815429688,
    "iotile_count": 4,
    "nodes": 1,
    "nultile_count": 60,
    "sim_stop_cause": "Stop due to user request",
    "sim_time": 3.6412601470947266,
    "simulated_tile_count": 21,
    "sunset_count": 0,
    "threads": 5,
    "tile_count": 81,
    "tile_cycles_per_second": 252864.38287982257,
    "tile_cycles_per_second_per_thread": 50572.87657596452,
    "total_time": 3.6683731079101563
}
