{
    "cycle_count": 119192,
    "cycles_per_second": 7680.019616509263,
    "fabric_x": 15,
    "fabric_y": 3,
    "hwtile_count": 17,
    "idle_ce_cycles": 14442,
    "idle_wavelet_cycles": 14497,
    "init_time": 0.06115293502807617,
    "iotile_count": 4,
    "nodes": 1,
    "nultile_count": 60,
    "sim_stop_cause": "Stop due to user request",
    "sim_time": 15.519752025604248,
    "simulated_tile_count": 21,
    "sunset_count": 0,
    "threads": 5,
    "tile_count": 81,
    "tile_cycles_per_second": 161280.4119466945,
    "tile_cycles_per_second_per_thread": 32256.082389338902,
    "total_time": 15.580904960632324
}
