{
    "cycle_count": 129362,
    "cycles_per_second": 8770.369303837382,
    "fabric_x": 15,
    "fabric_y": 3,
    "hwtile_count": 17,
    "idle_ce_cycles": 24369,
    "idle_wavelet_cycles": 24424,
    "init_time": 0.058027029037475586,
    "iotile_count": 4,
    "nodes": 1,
    "nultile_count": 60,
    "sim_stop_cause": "Stop due to user request",
    "sim_time": 14.749891996383667,
    "simulated_tile_count": 21,
    "sunset_count": 0,
    "threads": 5,
    "tile_count": 81,
    "tile_cycles_per_second": 184177.75538058503,
    "tile_cycles_per_second_per_thread": 36835.55107611701,
    "total_time": 14.807919025421143
}
