{
    "cycle_count": 66059,
    "cycles_per_second": 22282.421515434355,
    "fabric_x": 15,
    "fabric_y": 3,
    "hwtile_count": 17,
    "idle_ce_cycles": 43529,
    "idle_wavelet_cycles": 43584,
    "init_time": 0.02979302406311035,
    "iotile_count": 4,
    "nodes": 1,
    "nultile_count": 60,
    "sim_stop_cause": "Stop due to user request",
    "sim_time": 2.9646239280700684,
    "simulated_tile_count": 21,
    "sunset_count": 0,
    "threads": 5,
    "tile_count": 81,
    "tile_cycles_per_second": 467930.85182412143,
    "tile_cycles_per_second_per_thread": 93586.17036482428,
    "total_time": 2.9944169521331787
}
