{
    "cycle_count": 66057,
    "cycles_per_second": 25397.270308190265,
    "fabric_x": 15,
    "fabric_y": 3,
    "hwtile_count": 17,
    "idle_ce_cycles": 41403,
    "idle_wavelet_cycles": 41458,
    "init_time": 0.03169107437133789,
    "iotile_count": 4,
    "nodes": 1,
    "nultile_count": 60,
    "sim_stop_cause": "Stop due to user request",
    "sim_time": 2.6009488105773926,
    "simulated_tile_count": 21,
    "sunset_count": 0,
    "threads": 5,
    "tile_count": 81,
    "tile_cycles_per_second": 533342.6764719955,
    "tile_cycles_per_second_per_thread": 106668.5352943991,
    "total_time": 2.6326398849487305
}
