{
    "cycle_count": 122529,
    "cycles_per_second": 8849.7996474675,
    "fabric_x": 15,
    "fabric_y": 3,
    "hwtile_count": 17,
    "idle_ce_cycles": 16135,
    "idle_wavelet_cycles": 16190,
    "init_time": 0.06560802459716797,
    "iotile_count": 4,
    "nodes": 1,
    "nultile_count": 60,
    "sim_stop_cause": "Stop due to user request",
    "sim_time": 13.845398187637329,
    "simulated_tile_count": 21,
    "sunset_count": 0,
    "threads": 5,
    "tile_count": 81,
    "tile_cycles_per_second": 185845.7925968175,
    "tile_cycles_per_second_per_thread": 37169.158519363504,
    "total_time": 13.911006212234497
}
