{
    "cycle_count": 95181,
    "cycles_per_second": 8575.703964272896,
    "fabric_x": 15,
    "fabric_y": 3,
    "hwtile_count": 17,
    "idle_ce_cycles": 25653,
    "idle_wavelet_cycles": 25708,
    "init_time": 0.05544304847717285,
    "iotile_count": 4,
    "nodes": 1,
    "nultile_count": 60,
    "sim_stop_cause": "Stop due to user request",
    "sim_time": 11.09891390800476,
    "simulated_tile_count": 21,
    "sunset_count": 0,
    "threads": 5,
    "tile_count": 81,
    "tile_cycles_per_second": 180089.78324973083,
    "tile_cycles_per_second_per_thread": 36017.956649946165,
    "total_time": 11.154356956481934
}
