{
    "cycle_count": 38239,
    "cycles_per_second": 9022.455875886966,
    "fabric_x": 15,
    "fabric_y": 3,
    "hwtile_count": 17,
    "idle_ce_cycles": 15630,
    "idle_wavelet_cycles": 15685,
    "init_time": 0.028303146362304688,
    "iotile_count": 4,
    "nodes": 1,
    "nultile_count": 60,
    "sim_stop_cause": "Stop due to user request",
    "sim_time": 4.238203048706055,
    "simulated_tile_count": 21,
    "sunset_count": 0,
    "threads": 5,
    "tile_count": 81,
    "tile_cycles_per_second": 189471.57339362628,
    "tile_cycles_per_second_per_thread": 37894.314678725255,
    "total_time": 4.266506195068359
}
