{
    "cycle_count": 123824,
    "cycles_per_second": 9253.644063663542,
    "fabric_x": 15,
    "fabric_y": 3,
    "hwtile_count": 17,
    "idle_ce_cycles": 17386,
    "idle_wavelet_cycles": 17441,
    "init_time": 0.07297921180725098,
    "iotile_count": 4,
    "nodes": 1,
    "nultile_count": 60,
    "sim_stop_cause": "Stop due to user request",
    "sim_time": 13.381106853485107,
    "simulated_tile_count": 21,
    "sunset_count": 0,
    "threads": 5,
    "tile_count": 81,
    "tile_cycles_per_second": 194326.52533693437,
    "tile_cycles_per_second_per_thread": 38865.30506738687,
    "total_time": 13.454086065292358
}
