{
    "cycle_count": 105824,
    "cycles_per_second": 11686.17169770715,
    "fabric_x": 15,
    "fabric_y": 3,
    "hwtile_count": 17,
    "idle_ce_cycles": 34761,
    "idle_wavelet_cycles": 34816,
    "init_time": 0.0668799877166748,
    "iotile_count": 4,
    "nodes": 1,
    "nultile_count": 60,
    "sim_stop_cause": "Stop due to user request",
    "sim_time": 9.05548906326294,
    "simulated_tile_count": 21,
    "sunset_count": 0,
    "threads": 5,
    "tile_count": 81,
    "tile_cycles_per_second": 245409.60565185014,
    "tile_cycles_per_second_per_thread": 49081.92113037003,
    "total_time": 9.122369050979614
}
