{
    "cycle_count": 134098,
    "cycles_per_second": 11418.272784010433,
    "fabric_x": 15,
    "fabric_y": 3,
    "hwtile_count": 17,
    "idle_ce_cycles": 29646,
    "idle_wavelet_cycles": 29701,
    "init_time": 0.05473589897155762,
    "iotile_count": 4,
    "nodes": 1,
    "nultile_count": 60,
    "sim_stop_cause": "Stop due to user request",
    "sim_time": 11.744158029556274,
    "simulated_tile_count": 21,
    "sunset_count": 0,
    "threads": 5,
    "tile_count": 81,
    "tile_cycles_per_second": 239783.72846421908,
    "tile_cycles_per_second_per_thread": 47956.74569284382,
    "total_time": 11.798893928527832
}
