{
    "cycle_count": 87194,
    "cycles_per_second": 7796.320310329744,
    "fabric_x": 15,
    "fabric_y": 3,
    "hwtile_count": 17,
    "idle_ce_cycles": 17258,
    "idle_wavelet_cycles": 17313,
    "init_time": 0.06741595268249512,
    "iotile_count": 4,
    "nodes": 1,
    "nultile_count": 60,
    "sim_stop_cause": "Stop due to user request",
    "sim_time": 11.183994054794312,
    "simulated_tile_count": 21,
    "sunset_count": 0,
    "threads": 5,
    "tile_count": 81,
    "tile_cycles_per_second": 163722.72651692462,
    "tile_cycles_per_second_per_thread": 32744.545303384926,
    "total_time": 11.251410007476807
}
