{
    "cycle_count": 111596,
    "cycles_per_second": 12474.55409462652,
    "fabric_x": 15,
    "fabric_y": 3,
    "hwtile_count": 17,
    "idle_ce_cycles": 41490,
    "idle_wavelet_cycles": 41545,
    "init_time": 0.06856298446655273,
    "iotile_count": 4,
    "nodes": 1,
    "nultile_count": 60,
    "sim_stop_cause": "Stop due to user request",
    "sim_time": 8.9458909034729,
    "simulated_tile_count": 21,
    "sunset_count": 0,
    "threads": 5,
    "tile_count": 81,
    "tile_cycles_per_second": 261965.63598715691,
    "tile_cycles_per_second_per_thread": 52393.127197431386,
    "total_time": 9.014453887939453
}
