{
    "cycle_count": 37996,
    "cycles_per_second": 10910.649630090205,
    "fabric_x": 15,
    "fabric_y": 3,
    "hwtile_count": 17,
    "idle_ce_cycles": 14143,
    "idle_wavelet_cycles": 14198,
    "init_time": 0.0275418758392334,
    "iotile_count": 4,
    "nodes": 1,
    "nultile_count": 60,
    "sim_stop_cause": "Stop due to user request",
    "sim_time": 3.482469081878662,
    "simulated_tile_count": 21,
    "sunset_count": 0,
    "threads": 5,
    "tile_count": 81,
    "tile_cycles_per_second": 229123.6422318943,
    "tile_cycles_per_second_per_thread": 45824.72844637886,
    "total_time": 3.5100109577178955
}
