{
    "cycle_count": 60939,
    "cycles_per_second": 23515.369871931576,
    "fabric_x": 15,
    "fabric_y": 3,
    "hwtile_count": 17,
    "idle_ce_cycles": 36750,
    "idle_wavelet_cycles": 36805,
    "init_time": 0.03341794013977051,
    "iotile_count": 4,
    "nodes": 1,
    "nultile_count": 60,
    "sim_stop_cause": "Stop due to user request",
    "sim_time": 2.591454029083252,
    "simulated_tile_count": 21,
    "sunset_count": 0,
    "threads": 5,
    "tile_count": 81,
    "tile_cycles_per_second": 493822.7673105631,
    "tile_cycles_per_second_per_thread": 98764.55346211263,
    "total_time": 2.6248719692230225
}
