{
    "cycle_count": 88131,
    "cycles_per_second": 7429.37190207355,
    "fabric_x": 15,
    "fabric_y": 3,
    "hwtile_count": 17,
    "idle_ce_cycles": 16480,
    "idle_wavelet_cycles": 16535,
    "init_time": 0.07092690467834473,
    "iotile_count": 4,
    "nodes": 1,
    "nultile_count": 60,
    "sim_stop_cause": "Stop due to user request",
    "sim_time": 11.862510204315186,
    "simulated_tile_count": 21,
    "sunset_count": 0,
    "threads": 5,
    "tile_count": 81,
    "tile_cycles_per_second": 156016.80994354453,
    "tile_cycles_per_second_per_thread": 31203.361988708908,
    "total_time": 11.93343710899353
}
