{
    "cycle_count": 50648,
    "cycles_per_second": 15313.951155821263,
    "fabric_x": 15,
    "fabric_y": 3,
    "hwtile_count": 17,
    "idle_ce_cycles": 27353,
    "idle_wavelet_cycles": 27408,
    "init_time": 0.03172779083251953,
    "iotile_count": 4,
    "nodes": 1,
    "nultile_count": 60,
    "sim_stop_cause": "Stop due to user request",
    "sim_time": 3.3073110580444336,
    "simulated_tile_count": 21,
    "sunset_count": 0,
    "threads": 5,
    "tile_count": 81,
    "tile_cycles_per_second": 321592.97427224653,
    "tile_cycles_per_second_per_thread": 64318.59485444931,
    "total_time": 3.339038848876953
}
