{
    "cycle_count": 119258,
    "cycles_per_second": 7785.435894460282,
    "fabric_x": 15,
    "fabric_y": 3,
    "hwtile_count": 17,
    "idle_ce_cycles": 14268,
    "idle_wavelet_cycles": 14323,
    "init_time": 0.07269787788391113,
    "iotile_count": 4,
    "nodes": 1,
    "nultile_count": 60,
    "sim_stop_cause": "Stop due to user request",
    "sim_time": 15.318089008331299,
    "simulated_tile_count": 21,
    "sunset_count": 0,
    "threads": 5,
    "tile_count": 81,
    "tile_cycles_per_second": 163494.1537836659,
    "tile_cycles_per_second_per_thread": 32698.830756733183,
    "total_time": 15.39078688621521
}
