{
    "cycle_count": 129908,
    "cycles_per_second": 9966.105809972012,
    "fabric_x": 15,
    "fabric_y": 3,
    "hwtile_count": 17,
    "idle_ce_cycles": 25567,
    "idle_wavelet_cycles": 25622,
    "init_time": 0.06271982192993164,
    "iotile_count": 4,
    "nodes": 1,
    "nultile_count": 60,
    "sim_stop_cause": "Stop due to user request",
    "sim_time": 13.03498101234436,
    "simulated_tile_count": 21,
    "sunset_count": 0,
    "threads": 5,
    "tile_count": 81,
    "tile_cycles_per_second": 209288.22200941225,
    "tile_cycles_per_second_per_thread": 41857.64440188245,
    "total_time": 13.097700834274292
}
