{
    "cycle_count": 126897,
    "cycles_per_second": 9871.231371104872,
    "fabric_x": 15,
    "fabric_y": 3,
    "hwtile_count": 17,
    "idle_ce_cycles": 22664,
    "idle_wavelet_cycles": 22719,
    "init_time": 0.05841398239135742,
    "iotile_count": 4,
    "nodes": 1,
    "nultile_count": 60,
    "sim_stop_cause": "Stop due to user request",
    "sim_time": 12.85523509979248,
    "simulated_tile_count": 21,
    "sunset_count": 0,
    "threads": 5,
    "tile_count": 81,
    "tile_cycles_per_second": 207295.85879320232,
    "tile_cycles_per_second_per_thread": 41459.17175864046,
    "total_time": 12.913649082183838
}
