{
    "cycle_count": 121274,
    "cycles_per_second": 7752.343340916301,
    "fabric_x": 15,
    "fabric_y": 3,
    "hwtile_count": 17,
    "idle_ce_cycles": 16591,
    "idle_wavelet_cycles": 16646,
    "init_time": 0.05346202850341797,
    "iotile_count": 4,
    "nodes": 1,
    "nultile_count": 60,
    "sim_stop_cause": "Stop due to user request",
    "sim_time": 15.64352798461914,
    "simulated_tile_count": 21,
    "sunset_count": 0,
    "threads": 5,
    "tile_count": 81,
    "tile_cycles_per_second": 162799.21015924233,
    "tile_cycles_per_second_per_thread": 32559.842031848464,
    "total_time": 15.696990013122559
}
