{
    "cycle_count": 104423,
    "cycles_per_second": 11349.80541639877,
    "fabric_x": 15,
    "fabric_y": 3,
    "hwtile_count": 17,
    "idle_ce_cycles": 34546,
    "idle_wavelet_cycles": 34601,
    "init_time": 0.06978011131286621,
    "iotile_count": 4,
    "nodes": 1,
    "nultile_count": 60,
    "sim_stop_cause": "Stop due to user request",
    "sim_time": 9.200422048568726,
    "simulated_tile_count": 21,
    "sunset_count": 0,
    "threads": 5,
    "tile_count": 81,
    "tile_cycles_per_second": 238345.91374437418,
    "tile_cycles_per_second_per_thread": 47669.18274887484,
    "total_time": 9.270202159881592
}
