{
    "cycle_count": 67021,
    "cycles_per_second": 25873.23843358853,
    "fabric_x": 15,
    "fabric_y": 3,
    "hwtile_count": 17,
    "idle_ce_cycles": 42557,
    "idle_wavelet_cycles": 42612,
    "init_time": 0.027233123779296875,
    "iotile_count": 4,
    "nodes": 1,
    "nultile_count": 60,
    "sim_stop_cause": "Stop due to user request",
    "sim_time": 2.590359926223755,
    "simulated_tile_count": 21,
    "sunset_count": 0,
    "threads": 5,
    "tile_count": 81,
    "tile_cycles_per_second": 543338.0071053591,
    "tile_cycles_per_second_per_thread": 108667.60142107183,
    "total_time": 2.6175930500030518
}
