{
    "cycle_count": 48322,
    "cycles_per_second": 14328.388237181274,
    "fabric_x": 15,
    "fabric_y": 3,
    "hwtile_count": 17,
    "idle_ce_cycles": 25600,
    "idle_wavelet_cycles": 25655,
    "init_time": 0.030498027801513672,
    "iotile_count": 4,
    "nodes": 1,
    "nultile_count": 60,
    "sim_stop_cause": "Stop due to user request",
    "sim_time": 3.3724658489227295,
    "simulated_tile_count": 21,
    "sunset_count": 0,
    "threads": 5,
    "tile_count": 81,
    "tile_cycles_per_second": 300896.1529808068,
    "tile_cycles_per_second_per_thread": 60179.23059616135,
    "total_time": 3.402963876724243
}
