{
    "cycle_count": 51789,
    "cycles_per_second": 16815.37487769848,
    "fabric_x": 15,
    "fabric_y": 3,
    "hwtile_count": 17,
    "idle_ce_cycles": 27867,
    "idle_wavelet_cycles": 27922,
    "init_time": 0.03250312805175781,
    "iotile_count": 4,
    "nodes": 1,
    "nultile_count": 60,
    "sim_stop_cause": "Stop due to user request",
    "sim_time": 3.079859972000122,
    "simulated_tile_count": 21,
    "sunset_count": 0,
    "threads": 5,
    "tile_count": 81,
    "tile_cycles_per_second": 353122.87243166805,
    "tile_cycles_per_second_per_thread": 70624.57448633361,
    "total_time": 3.11236310005188
}
