{
    "cycle_count": 149174,
    "cycles_per_second": 16002.15246309771,
    "fabric_x": 15,
    "fabric_y": 3,
    "hwtile_count": 17,
    "idle_ce_cycles": 42595,
    "idle_wavelet_cycles": 42650,
    "init_time": 0.05828213691711426,
    "iotile_count": 4,
    "nodes": 1,
    "nultile_count": 60,
    "sim_stop_cause": "Stop due to user request",
    "sim_time": 9.322120904922485,
    "simulated_tile_count": 21,
    "sunset_count": 0,
    "threads": 5,
    "tile_count": 81,
    "tile_cycles_per_second": 336045.2017250519,
    "tile_cycles_per_second_per_thread": 67209.04034501038,
    "total_time": 9.3804030418396
}
