{
    "cycle_count": 90261,
    "cycles_per_second": 8125.931225566721,
    "fabric_x": 15,
    "fabric_y": 3,
    "hwtile_count": 17,
    "idle_ce_cycles": 20200,
    "idle_wavelet_cycles": 20255,
    "init_time": 0.06176495552062988,
    "iotile_count": 4,
    "nodes": 1,
    "nultile_count": 60,
    "sim_stop_cause": "Stop due to user request",
    "sim_time": 11.107773065567017,
    "simulated_tile_count": 21,
    "sunset_count": 0,
    "threads": 5,
    "tile_count": 81,
    "tile_cycles_per_second": 170644.55573690115,
    "tile_cycles_per_second_per_thread": 34128.91114738023,
    "total_time": 11.169538021087646
}
