{
    "cycle_count": 149656,
    "cycles_per_second": 15515.611497024993,
    "fabric_x": 15,
    "fabric_y": 3,
    "hwtile_count": 17,
    "idle_ce_cycles": 43440,
    "idle_wavelet_cycles": 43495,
    "init_time": 0.05606722831726074,
    "iotile_count": 4,
    "nodes": 1,
    "nultile_count": 60,
    "sim_stop_cause": "Stop due to user request",
    "sim_time": 9.645510911941528,
    "simulated_tile_count": 21,
    "sunset_count": 0,
    "threads": 5,
    "tile_count": 81,
    "tile_cycles_per_second": 325827.8414375248,
    "tile_cycles_per_second_per_thread": 65165.56828750497,
    "total_time": 9.701578140258789
}
