{
    "cycle_count": 131516,
    "cycles_per_second": 10984.510095640562,
    "fabric_x": 15,
    "fabric_y": 3,
    "hwtile_count": 17,
    "idle_ce_cycles": 26656,
    "idle_wavelet_cycles": 26711,
    "init_time": 0.018929004669189453,
    "iotile_count": 4,
    "nodes": 1,
    "nultile_count": 60,
    "sim_stop_cause": "Stop due to user request",
    "sim_time": 11.972859859466553,
    "simulated_tile_count": 21,
    "sunset_count": 0,
    "threads": 5,
    "tile_count": 81,
    "tile_cycles_per_second": 230674.7120084518,
    "tile_cycles_per_second_per_thread": 46134.942401690365,
    "total_time": 11.991788864135742
}
