{
    "cycle_count": 134727,
    "cycles_per_second": 11065.958113321549,
    "fabric_x": 15,
    "fabric_y": 3,
    "hwtile_count": 17,
    "idle_ce_cycles": 30180,
    "idle_wavelet_cycles": 30235,
    "init_time": 0.05872297286987305,
    "iotile_count": 4,
    "nodes": 1,
    "nultile_count": 60,
    "sim_stop_cause": "Stop due to user request",
    "sim_time": 12.174906015396118,
    "simulated_tile_count": 21,
    "sunset_count": 0,
    "threads": 5,
    "tile_count": 81,
    "tile_cycles_per_second": 232385.12037975254,
    "tile_cycles_per_second_per_thread": 46477.02407595051,
    "total_time": 12.233628988265991
}
