{
    "cycle_count": 120954,
    "cycles_per_second": 7276.474592701004,
    "fabric_x": 15,
    "fabric_y": 3,
    "hwtile_count": 17,
    "idle_ce_cycles": 15930,
    "idle_wavelet_cycles": 15985,
    "init_time": 0.05834388732910156,
    "iotile_count": 4,
    "nodes": 1,
    "nultile_count": 60,
    "sim_stop_cause": "Stop due to user request",
    "sim_time": 16.622610092163086,
    "simulated_tile_count": 21,
    "sunset_count": 0,
    "threads": 5,
    "tile_count": 81,
    "tile_cycles_per_second": 152805.96644672108,
    "tile_cycles_per_second_per_thread": 30561.193289344217,
    "total_time": 16.680953979492188
}
