{
    "cycle_count": 120813,
    "cycles_per_second": 7447.565039400589,
    "fabric_x": 15,
    "fabric_y": 3,
    "hwtile_count": 17,
    "idle_ce_cycles": 16301,
    "idle_wavelet_cycles": 16356,
    "init_time": 0.060700178146362305,
    "iotile_count": 4,
    "nodes": 1,
    "nultile_count": 60,
    "sim_stop_cause": "Stop due to user request",
    "sim_time": 16.2218120098114,
    "simulated_tile_count": 21,
    "sunset_count": 0,
    "threads": 5,
    "tile_count": 81,
    "tile_cycles_per_second": 156398.86582741237,
    "tile_cycles_per_second_per_thread": 31279.773165482475,
    "total_time": 16.282512187957764
}
