{
    "cycle_count": 84208,
    "cycles_per_second": 7606.840709338414,
    "fabric_x": 15,
    "fabric_y": 3,
    "hwtile_count": 17,
    "idle_ce_cycles": 14819,
    "idle_wavelet_cycles": 14874,
    "init_time": 0.018481969833374023,
    "iotile_count": 4,
    "nodes": 1,
    "nultile_count": 60,
    "sim_stop_cause": "Stop due to user request",
    "sim_time": 11.070035934448242,
    "simulated_tile_count": 21,
    "sunset_count": 0,
    "threads": 5,
    "tile_count": 81,
    "tile_cycles_per_second": 159743.6548961067,
    "tile_cycles_per_second_per_thread": 31948.73097922134,
    "total_time": 11.088517904281616
}
