{
    "cycle_count": 111382,
    "cycles_per_second": 12451.655595024167,
    "fabric_x": 15,
    "fabric_y": 3,
    "hwtile_count": 17,
    "idle_ce_cycles": 41147,
    "idle_wavelet_cycles": 41202,
    "init_time": 0.05241799354553223,
    "iotile_count": 4,
    "nodes": 1,
    "nultile_count": 60,
    "sim_stop_cause": "Stop due to user request",
    "sim_time": 8.94515585899353,
    "simulated_tile_count": 21,
    "sunset_count": 0,
    "threads": 5,
    "tile_count": 81,
    "tile_cycles_per_second": 261484.76749550752,
    "tile_cycles_per_second_per_thread": 52296.9534991015,
    "total_time": 8.997573852539063
}
