{
    "cycle_count": 65745,
    "cycles_per_second": 22776.468050858544,
    "fabric_x": 15,
    "fabric_y": 3,
    "hwtile_count": 17,
    "idle_ce_cycles": 41947,
    "idle_wavelet_cycles": 42002,
    "init_time": 0.029565095901489258,
    "iotile_count": 4,
    "nodes": 1,
    "nultile_count": 60,
    "sim_stop_cause": "Stop due to user request",
    "sim_time": 2.8865318298339844,
    "simulated_tile_count": 21,
    "sunset_count": 0,
    "threads": 5,
    "tile_count": 81,
    "tile_cycles_per_second": 478305.8290680294,
    "tile_cycles_per_second_per_thread": 95661.16581360588,
    "total_time": 2.9160969257354736
}
