{
    "cycle_count": 189045,
    "cycles_per_second": 2070.188691623751,
    "fabric_x": 23,
    "fabric_y": 18,
    "hwtile_count": 340,
    "idle_ce_cycles": 2868,
    "idle_wavelet_cycles": 2928,
    "init_time": 1.4227540493011475,
    "iotile_count": 4,
    "nodes": 1,
    "nultile_count": 152,
    "sim_stop_cause": "Stop due to user request",
    "sim_time": 91.31776285171509,
    "simulated_tile_count": 344,
    "sunset_count": 0,
    "threads": 64,
    "tile_count": 496,
    "tile_cycles_per_second": 712144.9099185703,
    "tile_cycles_per_second_per_thread": 11127.264217477661,
    "total_time": 92.74051690101624
}
