{
    "cycle_count": 102491,
    "cycles_per_second": 7182.170789304407,
    "fabric_x": 15,
    "fabric_y": 4,
    "hwtile_count": 30,
    "idle_ce_cycles": 15154,
    "idle_wavelet_cycles": 15190,
    "init_time": 0.1091609001159668,
    "iotile_count": 4,
    "nodes": 1,
    "nultile_count": 64,
    "sim_stop_cause": "Stop due to user request",
    "sim_time": 14.270198106765747,
    "simulated_tile_count": 34,
    "sunset_count": 0,
    "threads": 5,
    "tile_count": 98,
    "tile_cycles_per_second": 244193.80683634983,
    "tile_cycles_per_second_per_thread": 48838.761367269966,
    "total_time": 14.379359006881714
}
