{
    "cycle_count": 112935,
    "cycles_per_second": 5957.197408146499,
    "fabric_x": 15,
    "fabric_y": 4,
    "hwtile_count": 30,
    "idle_ce_cycles": 12154,
    "idle_wavelet_cycles": 12190,
    "init_time": 0.13117194175720215,
    "iotile_count": 4,
    "nodes": 1,
    "nultile_count": 64,
    "sim_stop_cause": "Stop due to user request",
    "sim_time": 18.95774006843567,
    "simulated_tile_count": 34,
    "sunset_count": 0,
    "threads": 5,
    "tile_count": 98,
    "tile_cycles_per_second": 202544.71187698096,
    "tile_cycles_per_second_per_thread": 40508.94237539619,
    "total_time": 19.08891201019287
}
