{
    "cycle_count": 119705,
    "cycles_per_second": 7140.5639939985485,
    "fabric_x": 15,
    "fabric_y": 4,
    "hwtile_count": 30,
    "idle_ce_cycles": 17053,
    "idle_wavelet_cycles": 17089,
    "init_time": 0.0953071117401123,
    "iotile_count": 4,
    "nodes": 1,
    "nultile_count": 64,
    "sim_stop_cause": "Stop due to user request",
    "sim_time": 16.764081954956055,
    "simulated_tile_count": 34,
    "sunset_count": 0,
    "threads": 5,
    "tile_count": 98,
    "tile_cycles_per_second": 242779.17579595064,
    "tile_cycles_per_second_per_thread": 48555.83515919013,
    "total_time": 16.859389066696167
}
