{
    "cycle_count": 118815,
    "cycles_per_second": 7124.01247317021,
    "fabric_x": 15,
    "fabric_y": 4,
    "hwtile_count": 30,
    "idle_ce_cycles": 17476,
    "idle_wavelet_cycles": 17512,
    "init_time": 0.09835100173950195,
    "iotile_count": 4,
    "nodes": 1,
    "nultile_count": 64,
    "sim_stop_cause": "Stop due to user request",
    "sim_time": 16.678101062774658,
    "simulated_tile_count": 34,
    "sunset_count": 0,
    "threads": 5,
    "tile_count": 98,
    "tile_cycles_per_second": 242216.42408778713,
    "tile_cycles_per_second_per_thread": 48443.284817557425,
    "total_time": 16.77645206451416
}
