{
    "cycle_count": 52291,
    "cycles_per_second": 6748.955303982217,
    "fabric_x": 15,
    "fabric_y": 4,
    "hwtile_count": 30,
    "idle_ce_cycles": 12379,
    "idle_wavelet_cycles": 12415,
    "init_time": 0.07077717781066895,
    "iotile_count": 4,
    "nodes": 1,
    "nultile_count": 64,
    "sim_stop_cause": "Stop due to user request",
    "sim_time": 7.748013973236084,
    "simulated_tile_count": 34,
    "sunset_count": 0,
    "threads": 5,
    "tile_count": 98,
    "tile_cycles_per_second": 229464.48033539538,
    "tile_cycles_per_second_per_thread": 45892.89606707908,
    "total_time": 7.818791151046753
}
