{
    "cycle_count": 124193,
    "cycles_per_second": 9593.089509126887,
    "fabric_x": 15,
    "fabric_y": 4,
    "hwtile_count": 30,
    "idle_ce_cycles": 22402,
    "idle_wavelet_cycles": 22438,
    "init_time": 0.1211550235748291,
    "iotile_count": 4,
    "nodes": 1,
    "nultile_count": 64,
    "sim_stop_cause": "Stop due to user request",
    "sim_time": 12.94608998298645,
    "simulated_tile_count": 34,
    "sunset_count": 0,
    "threads": 5,
    "tile_count": 98,
    "tile_cycles_per_second": 326165.0433103141,
    "tile_cycles_per_second_per_thread": 65233.00866206283,
    "total_time": 13.06724500656128
}
