{
    "cycle_count": 82161,
    "cycles_per_second": 14628.023694286852,
    "fabric_x": 15,
    "fabric_y": 4,
    "hwtile_count": 30,
    "idle_ce_cycles": 39619,
    "idle_wavelet_cycles": 39655,
    "init_time": 0.05820298194885254,
    "iotile_count": 4,
    "nodes": 1,
    "nultile_count": 64,
    "sim_stop_cause": "Stop due to user request",
    "sim_time": 5.616684913635254,
    "simulated_tile_count": 34,
    "sunset_count": 0,
    "threads": 5,
    "tile_count": 98,
    "tile_cycles_per_second": 497352.805605753,
    "tile_cycles_per_second_per_thread": 99470.56112115059,
    "total_time": 5.6748878955841064
}
