{
    "cycle_count": 55277,
    "cycles_per_second": 7299.715292248781,
    "fabric_x": 15,
    "fabric_y": 4,
    "hwtile_count": 30,
    "idle_ce_cycles": 15083,
    "idle_wavelet_cycles": 15119,
    "init_time": 0.06228995323181152,
    "iotile_count": 4,
    "nodes": 1,
    "nultile_count": 64,
    "sim_stop_cause": "Stop due to user request",
    "sim_time": 7.572487115859985,
    "simulated_tile_count": 34,
    "sunset_count": 0,
    "threads": 5,
    "tile_count": 98,
    "tile_cycles_per_second": 248190.31993645857,
    "tile_cycles_per_second_per_thread": 49638.063987291716,
    "total_time": 7.634777069091797
}
