{
    "cycle_count": 104946,
    "cycles_per_second": 6647.890551791673,
    "fabric_x": 15,
    "fabric_y": 4,
    "hwtile_count": 30,
    "idle_ce_cycles": 17536,
    "idle_wavelet_cycles": 17572,
    "init_time": 0.0879368782043457,
    "iotile_count": 4,
    "nodes": 1,
    "nultile_count": 64,
    "sim_stop_cause": "Stop due to user request",
    "sim_time": 15.7863609790802,
    "simulated_tile_count": 34,
    "sunset_count": 0,
    "threads": 5,
    "tile_count": 98,
    "tile_cycles_per_second": 226028.27876091687,
    "tile_cycles_per_second_per_thread": 45205.655752183375,
    "total_time": 15.874297857284546
}
