{
    "cycle_count": 62715,
    "cycles_per_second": 9316.212171648716,
    "fabric_x": 15,
    "fabric_y": 4,
    "hwtile_count": 30,
    "idle_ce_cycles": 20869,
    "idle_wavelet_cycles": 20905,
    "init_time": 0.0707550048828125,
    "iotile_count": 4,
    "nodes": 1,
    "nultile_count": 64,
    "sim_stop_cause": "Stop due to user request",
    "sim_time": 6.731813192367554,
    "simulated_tile_count": 34,
    "sunset_count": 0,
    "threads": 5,
    "tile_count": 98,
    "tile_cycles_per_second": 316751.21383605635,
    "tile_cycles_per_second_per_thread": 63350.24276721127,
    "total_time": 6.802568197250366
}
