{
    "cycle_count": 110012,
    "cycles_per_second": 8555.547883095853,
    "fabric_x": 15,
    "fabric_y": 4,
    "hwtile_count": 30,
    "idle_ce_cycles": 21662,
    "idle_wavelet_cycles": 21698,
    "init_time": 0.11344504356384277,
    "iotile_count": 4,
    "nodes": 1,
    "nultile_count": 64,
    "sim_stop_cause": "Stop due to user request",
    "sim_time": 12.858556985855103,
    "simulated_tile_count": 34,
    "sunset_count": 0,
    "threads": 5,
    "tile_count": 98,
    "tile_cycles_per_second": 290888.628025259,
    "tile_cycles_per_second_per_thread": 58177.725605051804,
    "total_time": 12.972002029418945
}
