{
    "cycle_count": 113002,
    "cycles_per_second": 6080.682529747494,
    "fabric_x": 15,
    "fabric_y": 4,
    "hwtile_count": 30,
    "idle_ce_cycles": 12201,
    "idle_wavelet_cycles": 12237,
    "init_time": 0.1047520637512207,
    "iotile_count": 4,
    "nodes": 1,
    "nultile_count": 64,
    "sim_stop_cause": "Stop due to user request",
    "sim_time": 18.58376908302307,
    "simulated_tile_count": 34,
    "sunset_count": 0,
    "threads": 5,
    "tile_count": 98,
    "tile_cycles_per_second": 206743.20601141482,
    "tile_cycles_per_second_per_thread": 41348.64120228296,
    "total_time": 18.688521146774292
}
