{
    "cycle_count": 84481,
    "cycles_per_second": 18685.64937767235,
    "fabric_x": 15,
    "fabric_y": 4,
    "hwtile_count": 30,
    "idle_ce_cycles": 41619,
    "idle_wavelet_cycles": 41655,
    "init_time": 0.06880593299865723,
    "iotile_count": 4,
    "nodes": 1,
    "nultile_count": 64,
    "sim_stop_cause": "Stop due to user request",
    "sim_time": 4.521170139312744,
    "simulated_tile_count": 34,
    "sunset_count": 0,
    "threads": 5,
    "tile_count": 98,
    "tile_cycles_per_second": 635312.0788408599,
    "tile_cycles_per_second_per_thread": 127062.41576817198,
    "total_time": 4.589976072311401
}
