{
    "cycle_count": 101270,
    "cycles_per_second": 6631.61795742837,
    "fabric_x": 15,
    "fabric_y": 4,
    "hwtile_count": 30,
    "idle_ce_cycles": 13236,
    "idle_wavelet_cycles": 13272,
    "init_time": 0.1050558090209961,
    "iotile_count": 4,
    "nodes": 1,
    "nultile_count": 64,
    "sim_stop_cause": "Stop due to user request",
    "sim_time": 15.270783185958862,
    "simulated_tile_count": 34,
    "sunset_count": 0,
    "threads": 5,
    "tile_count": 98,
    "tile_cycles_per_second": 225475.01055256458,
    "tile_cycles_per_second_per_thread": 45095.00211051291,
    "total_time": 15.375838994979858
}
