{
    "cycle_count": 81191,
    "cycles_per_second": 14836.427586575266,
    "fabric_x": 15,
    "fabric_y": 4,
    "hwtile_count": 30,
    "idle_ce_cycles": 40568,
    "idle_wavelet_cycles": 40604,
    "init_time": 0.06640195846557617,
    "iotile_count": 4,
    "nodes": 1,
    "nultile_count": 64,
    "sim_stop_cause": "Stop due to user request",
    "sim_time": 5.472409009933472,
    "simulated_tile_count": 34,
    "sunset_count": 0,
    "threads": 5,
    "tile_count": 98,
    "tile_cycles_per_second": 504438.53794355906,
    "tile_cycles_per_second_per_thread": 100887.70758871181,
    "total_time": 5.538810968399048
}
