{
    "cycle_count": 59453,
    "cycles_per_second": 9705.5487571346,
    "fabric_x": 15,
    "fabric_y": 4,
    "hwtile_count": 30,
    "idle_ce_cycles": 17243,
    "idle_wavelet_cycles": 17279,
    "init_time": 0.05782580375671387,
    "iotile_count": 4,
    "nodes": 1,
    "nultile_count": 64,
    "sim_stop_cause": "Stop due to user request",
    "sim_time": 6.125671148300171,
    "simulated_tile_count": 34,
    "sunset_count": 0,
    "threads": 5,
    "tile_count": 98,
    "tile_cycles_per_second": 329988.6577425764,
    "tile_cycles_per_second_per_thread": 65997.73154851528,
    "total_time": 6.183496952056885
}
