{
    "cycle_count": 61961,
    "cycles_per_second": 9134.674477415709,
    "fabric_x": 15,
    "fabric_y": 4,
    "hwtile_count": 30,
    "idle_ce_cycles": 21919,
    "idle_wavelet_cycles": 21955,
    "init_time": 0.07236409187316895,
    "iotile_count": 4,
    "nodes": 1,
    "nultile_count": 64,
    "sim_stop_cause": "Stop due to user request",
    "sim_time": 6.783055067062378,
    "simulated_tile_count": 34,
    "sunset_count": 0,
    "threads": 5,
    "tile_count": 98,
    "tile_cycles_per_second": 310578.9322321341,
    "tile_cycles_per_second_per_thread": 62115.78644642682,
    "total_time": 6.855419158935547
}
