{
    "cycle_count": 61105,
    "cycles_per_second": 10218.041216558466,
    "fabric_x": 15,
    "fabric_y": 4,
    "hwtile_count": 30,
    "idle_ce_cycles": 20262,
    "idle_wavelet_cycles": 20298,
    "init_time": 0.0634620189666748,
    "iotile_count": 4,
    "nodes": 1,
    "nultile_count": 64,
    "sim_stop_cause": "Stop due to user request",
    "sim_time": 5.980108976364136,
    "simulated_tile_count": 34,
    "sunset_count": 0,
    "threads": 5,
    "tile_count": 98,
    "tile_cycles_per_second": 347413.4013629878,
    "tile_cycles_per_second_per_thread": 69482.68027259756,
    "total_time": 6.0435709953308105
}
