{
    "cycle_count": 98475,
    "cycles_per_second": 6087.666518206678,
    "fabric_x": 15,
    "fabric_y": 4,
    "hwtile_count": 30,
    "idle_ce_cycles": 11530,
    "idle_wavelet_cycles": 11566,
    "init_time": 0.08865714073181152,
    "iotile_count": 4,
    "nodes": 1,
    "nultile_count": 64,
    "sim_stop_cause": "Stop due to user request",
    "sim_time": 16.176148891448975,
    "simulated_tile_count": 34,
    "sunset_count": 0,
    "threads": 5,
    "tile_count": 98,
    "tile_cycles_per_second": 206980.66161902706,
    "tile_cycles_per_second_per_thread": 41396.13232380541,
    "total_time": 16.264806032180786
}
