{
    "cycle_count": 113674,
    "cycles_per_second": 6255.985009673433,
    "fabric_x": 15,
    "fabric_y": 4,
    "hwtile_count": 30,
    "idle_ce_cycles": 12978,
    "idle_wavelet_cycles": 13014,
    "init_time": 0.09731698036193848,
    "iotile_count": 4,
    "nodes": 1,
    "nultile_count": 64,
    "sim_stop_cause": "Stop due to user request",
    "sim_time": 18.170439958572388,
    "simulated_tile_count": 34,
    "sunset_count": 0,
    "threads": 5,
    "tile_count": 98,
    "tile_cycles_per_second": 212703.4903288967,
    "tile_cycles_per_second_per_thread": 42540.69806577934,
    "total_time": 18.267756938934326
}
