{
    "cycle_count": 122177,
    "cycles_per_second": 8749.771604277532,
    "fabric_x": 15,
    "fabric_y": 4,
    "hwtile_count": 30,
    "idle_ce_cycles": 19978,
    "idle_wavelet_cycles": 20014,
    "init_time": 0.12181782722473145,
    "iotile_count": 4,
    "nodes": 1,
    "nultile_count": 64,
    "sim_stop_cause": "Stop due to user request",
    "sim_time": 13.963450193405151,
    "simulated_tile_count": 34,
    "sunset_count": 0,
    "threads": 5,
    "tile_count": 98,
    "tile_cycles_per_second": 297492.2345454361,
    "tile_cycles_per_second_per_thread": 59498.44690908722,
    "total_time": 14.085268020629883
}
