{
    "cycle_count": 99500,
    "cycles_per_second": 6362.525602818425,
    "fabric_x": 15,
    "fabric_y": 4,
    "hwtile_count": 30,
    "idle_ce_cycles": 12500,
    "idle_wavelet_cycles": 12536,
    "init_time": 0.08655190467834473,
    "iotile_count": 4,
    "nodes": 1,
    "nultile_count": 64,
    "sim_stop_cause": "Stop due to user request",
    "sim_time": 15.638443946838379,
    "simulated_tile_count": 34,
    "sunset_count": 0,
    "threads": 5,
    "tile_count": 98,
    "tile_cycles_per_second": 216325.87049582644,
    "tile_cycles_per_second_per_thread": 43265.17409916529,
    "total_time": 15.724995851516724
}
