{
    "cycle_count": 120159,
    "cycles_per_second": 7964.050706318455,
    "fabric_x": 15,
    "fabric_y": 4,
    "hwtile_count": 30,
    "idle_ce_cycles": 18636,
    "idle_wavelet_cycles": 18672,
    "init_time": 0.12305307388305664,
    "iotile_count": 4,
    "nodes": 1,
    "nultile_count": 64,
    "sim_stop_cause": "Stop due to user request",
    "sim_time": 15.087673902511597,
    "simulated_tile_count": 34,
    "sunset_count": 0,
    "threads": 5,
    "tile_count": 98,
    "tile_cycles_per_second": 270777.72401482746,
    "tile_cycles_per_second_per_thread": 54155.544802965494,
    "total_time": 15.210726976394653
}
