{
    "cycle_count": 110037,
    "cycles_per_second": 8756.52164814646,
    "fabric_x": 15,
    "fabric_y": 4,
    "hwtile_count": 30,
    "idle_ce_cycles": 22749,
    "idle_wavelet_cycles": 22785,
    "init_time": 0.09547805786132813,
    "iotile_count": 4,
    "nodes": 1,
    "nultile_count": 64,
    "sim_stop_cause": "Stop due to user request",
    "sim_time": 12.566291093826294,
    "simulated_tile_count": 34,
    "sunset_count": 0,
    "threads": 5,
    "tile_count": 98,
    "tile_cycles_per_second": 297721.7360369796,
    "tile_cycles_per_second_per_thread": 59544.34720739592,
    "total_time": 12.661769151687622
}
