{
    "cycle_count": 99667,
    "cycles_per_second": 5972.744346213737,
    "fabric_x": 15,
    "fabric_y": 4,
    "hwtile_count": 30,
    "idle_ce_cycles": 12715,
    "idle_wavelet_cycles": 12751,
    "init_time": 0.09015607833862305,
    "iotile_count": 4,
    "nodes": 1,
    "nultile_count": 64,
    "sim_stop_cause": "Stop due to user request",
    "sim_time": 16.68696904182434,
    "simulated_tile_count": 34,
    "sunset_count": 0,
    "threads": 5,
    "tile_count": 98,
    "tile_cycles_per_second": 203073.30777126705,
    "tile_cycles_per_second_per_thread": 40614.66155425341,
    "total_time": 16.777125120162964
}
