{
    "cycle_count": 55758,
    "cycles_per_second": 7441.5637749925645,
    "fabric_x": 15,
    "fabric_y": 4,
    "hwtile_count": 30,
    "idle_ce_cycles": 15638,
    "idle_wavelet_cycles": 15674,
    "init_time": 0.06104087829589844,
    "iotile_count": 4,
    "nodes": 1,
    "nultile_count": 64,
    "sim_stop_cause": "Stop due to user request",
    "sim_time": 7.492779970169067,
    "simulated_tile_count": 34,
    "sunset_count": 0,
    "threads": 5,
    "tile_count": 98,
    "tile_cycles_per_second": 253013.1683497472,
    "tile_cycles_per_second_per_thread": 50602.63366994944,
    "total_time": 7.553820848464966
}
