{
    "cycle_count": 113476,
    "cycles_per_second": 6187.087554546498,
    "fabric_x": 15,
    "fabric_y": 4,
    "hwtile_count": 30,
    "idle_ce_cycles": 12107,
    "idle_wavelet_cycles": 12143,
    "init_time": 0.04626798629760742,
    "iotile_count": 4,
    "nodes": 1,
    "nultile_count": 64,
    "sim_stop_cause": "Stop due to user request",
    "sim_time": 18.3407781124115,
    "simulated_tile_count": 34,
    "sunset_count": 0,
    "threads": 5,
    "tile_count": 98,
    "tile_cycles_per_second": 210360.97685458092,
    "tile_cycles_per_second_per_thread": 42072.19537091618,
    "total_time": 18.387046098709106
}
