{
    "cycle_count": 101725,
    "cycles_per_second": 7989.772535649629,
    "fabric_x": 15,
    "fabric_y": 4,
    "hwtile_count": 30,
    "idle_ce_cycles": 13873,
    "idle_wavelet_cycles": 13909,
    "init_time": 0.10438013076782227,
    "iotile_count": 4,
    "nodes": 1,
    "nultile_count": 64,
    "sim_stop_cause": "Stop due to user request",
    "sim_time": 12.73190188407898,
    "simulated_tile_count": 34,
    "sunset_count": 0,
    "threads": 5,
    "tile_count": 98,
    "tile_cycles_per_second": 271652.2662120874,
    "tile_cycles_per_second_per_thread": 54330.45324241748,
    "total_time": 12.836282014846802
}
