{
    "cycle_count": 62147,
    "cycles_per_second": 10458.522773570689,
    "fabric_x": 15,
    "fabric_y": 4,
    "hwtile_count": 30,
    "idle_ce_cycles": 21154,
    "idle_wavelet_cycles": 21190,
    "init_time": 0.060816049575805664,
    "iotile_count": 4,
    "nodes": 1,
    "nultile_count": 64,
    "sim_stop_cause": "Stop due to user request",
    "sim_time": 5.942234992980957,
    "simulated_tile_count": 34,
    "sunset_count": 0,
    "threads": 5,
    "tile_count": 98,
    "tile_cycles_per_second": 355589.77430140343,
    "tile_cycles_per_second_per_thread": 71117.95486028069,
    "total_time": 6.003051042556763
}
