{
    "cycle_count": 110893,
    "cycles_per_second": 8001.788939783117,
    "fabric_x": 15,
    "fabric_y": 4,
    "hwtile_count": 30,
    "idle_ce_cycles": 23546,
    "idle_wavelet_cycles": 23582,
    "init_time": 0.1104588508605957,
    "iotile_count": 4,
    "nodes": 1,
    "nultile_count": 64,
    "sim_stop_cause": "Stop due to user request",
    "sim_time": 13.85852599143982,
    "simulated_tile_count": 34,
    "sunset_count": 0,
    "threads": 5,
    "tile_count": 98,
    "tile_cycles_per_second": 272060.823952626,
    "tile_cycles_per_second_per_thread": 54412.164790525196,
    "total_time": 13.968984842300415
}
