{
    "cycle_count": 126851,
    "cycles_per_second": 12803.280919351879,
    "fabric_x": 15,
    "fabric_y": 4,
    "hwtile_count": 30,
    "idle_ce_cycles": 38930,
    "idle_wavelet_cycles": 38966,
    "init_time": 0.08615899085998535,
    "iotile_count": 4,
    "nodes": 1,
    "nultile_count": 64,
    "sim_stop_cause": "Stop due to user request",
    "sim_time": 9.907694816589355,
    "simulated_tile_count": 34,
    "sunset_count": 0,
    "threads": 5,
    "tile_count": 98,
    "tile_cycles_per_second": 435311.5512579639,
    "tile_cycles_per_second_per_thread": 87062.31025159277,
    "total_time": 9.99385380744934
}
