{
    "cycle_count": 121797,
    "cycles_per_second": 8184.9186613468355,
    "fabric_x": 15,
    "fabric_y": 4,
    "hwtile_count": 30,
    "idle_ce_cycles": 20955,
    "idle_wavelet_cycles": 20991,
    "init_time": 0.12421822547912598,
    "iotile_count": 4,
    "nodes": 1,
    "nultile_count": 64,
    "sim_stop_cause": "Stop due to user request",
    "sim_time": 14.880661010742188,
    "simulated_tile_count": 34,
    "sunset_count": 0,
    "threads": 5,
    "tile_count": 98,
    "tile_cycles_per_second": 278287.2344857924,
    "tile_cycles_per_second_per_thread": 55657.44689715848,
    "total_time": 15.004879236221313
}
