{
    "cycle_count": 55719,
    "cycles_per_second": 8054.0632112302455,
    "fabric_x": 15,
    "fabric_y": 4,
    "hwtile_count": 30,
    "idle_ce_cycles": 15549,
    "idle_wavelet_cycles": 15585,
    "init_time": 0.05950593948364258,
    "iotile_count": 4,
    "nodes": 1,
    "nultile_count": 64,
    "sim_stop_cause": "Stop due to user request",
    "sim_time": 6.918123006820679,
    "simulated_tile_count": 34,
    "sunset_count": 0,
    "threads": 5,
    "tile_count": 98,
    "tile_cycles_per_second": 273838.14918182837,
    "tile_cycles_per_second_per_thread": 54767.629836365675,
    "total_time": 6.977628946304321
}
