{
    "cycle_count": 73932,
    "cycles_per_second": 14170.53973414468,
    "fabric_x": 15,
    "fabric_y": 4,
    "hwtile_count": 30,
    "idle_ce_cycles": 31710,
    "idle_wavelet_cycles": 31746,
    "init_time": 0.0682220458984375,
    "iotile_count": 4,
    "nodes": 1,
    "nultile_count": 64,
    "sim_stop_cause": "Stop due to user request",
    "sim_time": 5.217303037643433,
    "simulated_tile_count": 34,
    "sunset_count": 0,
    "threads": 5,
    "tile_count": 98,
    "tile_cycles_per_second": 481798.35096091917,
    "tile_cycles_per_second_per_thread": 96359.67019218384,
    "total_time": 5.28552508354187
}
