{
    "cycle_count": 126517,
    "cycles_per_second": 9361.856598756005,
    "fabric_x": 15,
    "fabric_y": 4,
    "hwtile_count": 30,
    "idle_ce_cycles": 25840,
    "idle_wavelet_cycles": 25876,
    "init_time": 0.09738492965698242,
    "iotile_count": 4,
    "nodes": 1,
    "nultile_count": 64,
    "sim_stop_cause": "Stop due to user request",
    "sim_time": 13.514092922210693,
    "simulated_tile_count": 34,
    "sunset_count": 0,
    "threads": 5,
    "tile_count": 98,
    "tile_cycles_per_second": 318303.1243577042,
    "tile_cycles_per_second_per_thread": 63660.62487154084,
    "total_time": 13.611477851867676
}
