{
    "cycle_count": 113549,
    "cycles_per_second": 6287.439838209185,
    "fabric_x": 15,
    "fabric_y": 4,
    "hwtile_count": 30,
    "idle_ce_cycles": 12842,
    "idle_wavelet_cycles": 12878,
    "init_time": 0.09870791435241699,
    "iotile_count": 4,
    "nodes": 1,
    "nultile_count": 64,
    "sim_stop_cause": "Stop due to user request",
    "sim_time": 18.059655904769897,
    "simulated_tile_count": 34,
    "sunset_count": 0,
    "threads": 5,
    "tile_count": 98,
    "tile_cycles_per_second": 213772.9544991123,
    "tile_cycles_per_second_per_thread": 42754.59089982246,
    "total_time": 18.158363819122314
}
