{
    "cycle_count": 51597,
    "cycles_per_second": 6356.330746481848,
    "fabric_x": 15,
    "fabric_y": 4,
    "hwtile_count": 30,
    "idle_ce_cycles": 11662,
    "idle_wavelet_cycles": 11698,
    "init_time": 0.053711891174316406,
    "iotile_count": 4,
    "nodes": 1,
    "nultile_count": 64,
    "sim_stop_cause": "Stop due to user request",
    "sim_time": 8.117419004440308,
    "simulated_tile_count": 34,
    "sunset_count": 0,
    "threads": 5,
    "tile_count": 98,
    "tile_cycles_per_second": 216115.24538038284,
    "tile_cycles_per_second_per_thread": 43223.04907607657,
    "total_time": 8.171130895614624
}
