{
    "cycle_count": 116865,
    "cycles_per_second": 7224.60758842167,
    "fabric_x": 15,
    "fabric_y": 4,
    "hwtile_count": 30,
    "idle_ce_cycles": 16078,
    "idle_wavelet_cycles": 16114,
    "init_time": 0.09875702857971191,
    "iotile_count": 4,
    "nodes": 1,
    "nultile_count": 64,
    "sim_stop_cause": "Stop due to user request",
    "sim_time": 16.175965070724487,
    "simulated_tile_count": 34,
    "sunset_count": 0,
    "threads": 5,
    "tile_count": 98,
    "tile_cycles_per_second": 245636.65800633677,
    "tile_cycles_per_second_per_thread": 49127.33160126735,
    "total_time": 16.2747220993042
}
