{
    "cycle_count": 112614,
    "cycles_per_second": 8193.707141691786,
    "fabric_x": 15,
    "fabric_y": 4,
    "hwtile_count": 30,
    "idle_ce_cycles": 24797,
    "idle_wavelet_cycles": 24833,
    "init_time": 0.08865094184875488,
    "iotile_count": 4,
    "nodes": 1,
    "nultile_count": 64,
    "sim_stop_cause": "Stop due to user request",
    "sim_time": 13.743962049484253,
    "simulated_tile_count": 34,
    "sunset_count": 0,
    "threads": 5,
    "tile_count": 98,
    "tile_cycles_per_second": 278586.04281752073,
    "tile_cycles_per_second_per_thread": 55717.208563504144,
    "total_time": 13.832612991333008
}
