{
    "cycle_count": 79176,
    "cycles_per_second": 11505.1746196194,
    "fabric_x": 15,
    "fabric_y": 4,
    "hwtile_count": 30,
    "idle_ce_cycles": 38910,
    "idle_wavelet_cycles": 38946,
    "init_time": 0.06837010383605957,
    "iotile_count": 4,
    "nodes": 1,
    "nultile_count": 64,
    "sim_stop_cause": "Stop due to user request",
    "sim_time": 6.881772994995117,
    "simulated_tile_count": 34,
    "sunset_count": 0,
    "threads": 5,
    "tile_count": 98,
    "tile_cycles_per_second": 391175.93706705957,
    "tile_cycles_per_second_per_thread": 78235.18741341191,
    "total_time": 6.950143098831177
}
