{
    "cycle_count": 54489,
    "cycles_per_second": 7435.09890010076,
    "fabric_x": 15,
    "fabric_y": 4,
    "hwtile_count": 30,
    "idle_ce_cycles": 14348,
    "idle_wavelet_cycles": 14384,
    "init_time": 0.06340980529785156,
    "iotile_count": 4,
    "nodes": 1,
    "nultile_count": 64,
    "sim_stop_cause": "Stop due to user request",
    "sim_time": 7.328618049621582,
    "simulated_tile_count": 34,
    "sunset_count": 0,
    "threads": 5,
    "tile_count": 98,
    "tile_cycles_per_second": 252793.36260342583,
    "tile_cycles_per_second_per_thread": 50558.67252068517,
    "total_time": 7.392027854919434
}
