{
    "cycle_count": 127364,
    "cycles_per_second": 10347.122178722313,
    "fabric_x": 15,
    "fabric_y": 4,
    "hwtile_count": 30,
    "idle_ce_cycles": 25684,
    "idle_wavelet_cycles": 25720,
    "init_time": 0.12016797065734863,
    "iotile_count": 4,
    "nodes": 1,
    "nultile_count": 64,
    "sim_stop_cause": "Stop due to user request",
    "sim_time": 12.309123039245605,
    "simulated_tile_count": 34,
    "sunset_count": 0,
    "threads": 5,
    "tile_count": 98,
    "tile_cycles_per_second": 351802.15407655865,
    "tile_cycles_per_second_per_thread": 70360.43081531173,
    "total_time": 12.429291009902954
}
