{
    "cycle_count": 101117,
    "cycles_per_second": 6621.928007101896,
    "fabric_x": 15,
    "fabric_y": 4,
    "hwtile_count": 30,
    "idle_ce_cycles": 14087,
    "idle_wavelet_cycles": 14123,
    "init_time": 0.11237597465515137,
    "iotile_count": 4,
    "nodes": 1,
    "nultile_count": 64,
    "sim_stop_cause": "Stop due to user request",
    "sim_time": 15.270024061203003,
    "simulated_tile_count": 34,
    "sunset_count": 0,
    "threads": 5,
    "tile_count": 98,
    "tile_cycles_per_second": 225145.55224146447,
    "tile_cycles_per_second_per_thread": 45029.11044829289,
    "total_time": 15.382400035858154
}
