{
    "cycle_count": 65220,
    "cycles_per_second": 10030.065607137718,
    "fabric_x": 15,
    "fabric_y": 4,
    "hwtile_count": 30,
    "idle_ce_cycles": 24865,
    "idle_wavelet_cycles": 24901,
    "init_time": 0.06970500946044922,
    "iotile_count": 4,
    "nodes": 1,
    "nultile_count": 64,
    "sim_stop_cause": "Stop due to user request",
    "sim_time": 6.502449989318848,
    "simulated_tile_count": 34,
    "sunset_count": 0,
    "threads": 5,
    "tile_count": 98,
    "tile_cycles_per_second": 341022.2306426824,
    "tile_cycles_per_second_per_thread": 68204.44612853648,
    "total_time": 6.572154998779297
}
