{
    "cycle_count": 99127,
    "cycles_per_second": 6162.58936011436,
    "fabric_x": 15,
    "fabric_y": 4,
    "hwtile_count": 30,
    "idle_ce_cycles": 12185,
    "idle_wavelet_cycles": 12221,
    "init_time": 0.08365106582641602,
    "iotile_count": 4,
    "nodes": 1,
    "nultile_count": 64,
    "sim_stop_cause": "Stop due to user request",
    "sim_time": 16.085283994674683,
    "simulated_tile_count": 34,
    "sunset_count": 0,
    "threads": 5,
    "tile_count": 98,
    "tile_cycles_per_second": 209528.03824388824,
    "tile_cycles_per_second_per_thread": 41905.607648777644,
    "total_time": 16.1689350605011
}
