{
    "cycle_count": 122317,
    "cycles_per_second": 7033.910732682133,
    "fabric_x": 15,
    "fabric_y": 4,
    "hwtile_count": 30,
    "idle_ce_cycles": 21649,
    "idle_wavelet_cycles": 21685,
    "init_time": 0.10059309005737305,
    "iotile_count": 4,
    "nodes": 1,
    "nultile_count": 64,
    "sim_stop_cause": "Stop due to user request",
    "sim_time": 17.389615058898926,
    "simulated_tile_count": 34,
    "sunset_count": 0,
    "threads": 5,
    "tile_count": 98,
    "tile_cycles_per_second": 239152.96491119254,
    "tile_cycles_per_second_per_thread": 47830.59298223851,
    "total_time": 17.4902081489563
}
