{
    "cycle_count": 57571,
    "cycles_per_second": 8095.541820816599,
    "fabric_x": 15,
    "fabric_y": 4,
    "hwtile_count": 30,
    "idle_ce_cycles": 17225,
    "idle_wavelet_cycles": 17261,
    "init_time": 0.07104206085205078,
    "iotile_count": 4,
    "nodes": 1,
    "nultile_count": 64,
    "sim_stop_cause": "Stop due to user request",
    "sim_time": 7.11144495010376,
    "simulated_tile_count": 34,
    "sunset_count": 0,
    "threads": 5,
    "tile_count": 98,
    "tile_cycles_per_second": 275248.4219077644,
    "tile_cycles_per_second_per_thread": 55049.68438155288,
    "total_time": 7.1824870109558105
}
