{
    "cycle_count": 57382,
    "cycles_per_second": 8066.6486011404895,
    "fabric_x": 15,
    "fabric_y": 4,
    "hwtile_count": 30,
    "idle_ce_cycles": 17411,
    "idle_wavelet_cycles": 17447,
    "init_time": 0.06976604461669922,
    "iotile_count": 4,
    "nodes": 1,
    "nultile_count": 64,
    "sim_stop_cause": "Stop due to user request",
    "sim_time": 7.113487005233765,
    "simulated_tile_count": 34,
    "sunset_count": 0,
    "threads": 5,
    "tile_count": 98,
    "tile_cycles_per_second": 274266.05243877665,
    "tile_cycles_per_second_per_thread": 54853.21048775533,
    "total_time": 7.183253049850464
}
