{
    "cycle_count": 107361,
    "cycles_per_second": 8769.5746734974,
    "fabric_x": 15,
    "fabric_y": 4,
    "hwtile_count": 30,
    "idle_ce_cycles": 19615,
    "idle_wavelet_cycles": 19651,
    "init_time": 0.10034584999084473,
    "iotile_count": 4,
    "nodes": 1,
    "nultile_count": 64,
    "sim_stop_cause": "Stop due to user request",
    "sim_time": 12.242440938949585,
    "simulated_tile_count": 34,
    "sunset_count": 0,
    "threads": 5,
    "tile_count": 98,
    "tile_cycles_per_second": 298165.5388989116,
    "tile_cycles_per_second_per_thread": 59633.107779782324,
    "total_time": 12.34278678894043
}
