{
    "cycle_count": 56763,
    "cycles_per_second": 7458.670062231377,
    "fabric_x": 15,
    "fabric_y": 4,
    "hwtile_count": 30,
    "idle_ce_cycles": 16640,
    "idle_wavelet_cycles": 16676,
    "init_time": 0.05448293685913086,
    "iotile_count": 4,
    "nodes": 1,
    "nultile_count": 64,
    "sim_stop_cause": "Stop due to user request",
    "sim_time": 7.610337972640991,
    "simulated_tile_count": 34,
    "sunset_count": 0,
    "threads": 5,
    "tile_count": 98,
    "tile_cycles_per_second": 253594.78211586684,
    "tile_cycles_per_second_per_thread": 50718.95642317337,
    "total_time": 7.664820909500122
}
