{
    "cycle_count": 117193,
    "cycles_per_second": 7012.057466272462,
    "fabric_x": 15,
    "fabric_y": 4,
    "hwtile_count": 30,
    "idle_ce_cycles": 16187,
    "idle_wavelet_cycles": 16223,
    "init_time": 0.12118887901306152,
    "iotile_count": 4,
    "nodes": 1,
    "nultile_count": 64,
    "sim_stop_cause": "Stop due to user request",
    "sim_time": 16.713068962097168,
    "simulated_tile_count": 34,
    "sunset_count": 0,
    "threads": 5,
    "tile_count": 98,
    "tile_cycles_per_second": 238409.95385326372,
    "tile_cycles_per_second_per_thread": 47681.990770652745,
    "total_time": 16.83425784111023
}
