{
    "cycle_count": 52319,
    "cycles_per_second": 6976.5213542632355,
    "fabric_x": 15,
    "fabric_y": 4,
    "hwtile_count": 30,
    "idle_ce_cycles": 12123,
    "idle_wavelet_cycles": 12159,
    "init_time": 0.06954479217529297,
    "iotile_count": 4,
    "nodes": 1,
    "nultile_count": 64,
    "sim_stop_cause": "Stop due to user request",
    "sim_time": 7.499296188354492,
    "simulated_tile_count": 34,
    "sunset_count": 0,
    "threads": 5,
    "tile_count": 98,
    "tile_cycles_per_second": 237201.72604495002,
    "tile_cycles_per_second_per_thread": 47440.34520899,
    "total_time": 7.568840980529785
}
