{
    "cycle_count": 55992,
    "cycles_per_second": 8852.8891647423,
    "fabric_x": 15,
    "fabric_y": 4,
    "hwtile_count": 30,
    "idle_ce_cycles": 14693,
    "idle_wavelet_cycles": 14729,
    "init_time": 0.07027792930603027,
    "iotile_count": 4,
    "nodes": 1,
    "nultile_count": 64,
    "sim_stop_cause": "Stop due to user request",
    "sim_time": 6.32471489906311,
    "simulated_tile_count": 34,
    "sunset_count": 0,
    "threads": 5,
    "tile_count": 98,
    "tile_cycles_per_second": 300998.23160123825,
    "tile_cycles_per_second_per_thread": 60199.64632024765,
    "total_time": 6.394992828369141
}
