{
    "cycle_count": 53532,
    "cycles_per_second": 7658.654868861307,
    "fabric_x": 15,
    "fabric_y": 4,
    "hwtile_count": 30,
    "idle_ce_cycles": 13162,
    "idle_wavelet_cycles": 13198,
    "init_time": 0.0568239688873291,
    "iotile_count": 4,
    "nodes": 1,
    "nultile_count": 64,
    "sim_stop_cause": "Stop due to user request",
    "sim_time": 6.989739179611206,
    "simulated_tile_count": 34,
    "sunset_count": 0,
    "threads": 5,
    "tile_count": 98,
    "tile_cycles_per_second": 260394.26554128443,
    "tile_cycles_per_second_per_thread": 52078.85310825689,
    "total_time": 7.046563148498535
}
