{
    "cycle_count": 142894,
    "cycles_per_second": 11602.259689916928,
    "fabric_x": 15,
    "fabric_y": 4,
    "hwtile_count": 30,
    "idle_ce_cycles": 39469,
    "idle_wavelet_cycles": 39505,
    "init_time": 0.11658501625061035,
    "iotile_count": 4,
    "nodes": 1,
    "nultile_count": 64,
    "sim_stop_cause": "Stop due to user request",
    "sim_time": 12.316049098968506,
    "simulated_tile_count": 34,
    "sunset_count": 0,
    "threads": 5,
    "tile_count": 98,
    "tile_cycles_per_second": 394476.8294571755,
    "tile_cycles_per_second_per_thread": 78895.3658914351,
    "total_time": 12.432634115219116
}
