{
    "cycle_count": 120235,
    "cycles_per_second": 7194.1844280335245,
    "fabric_x": 15,
    "fabric_y": 4,
    "hwtile_count": 30,
    "idle_ce_cycles": 18440,
    "idle_wavelet_cycles": 18476,
    "init_time": 0.12063002586364746,
    "iotile_count": 4,
    "nodes": 1,
    "nultile_count": 64,
    "sim_stop_cause": "Stop due to user request",
    "sim_time": 16.712804794311523,
    "simulated_tile_count": 34,
    "sunset_count": 0,
    "threads": 5,
    "tile_count": 98,
    "tile_cycles_per_second": 244602.27055313982,
    "tile_cycles_per_second_per_thread": 48920.454110627965,
    "total_time": 16.83343482017517
}
