{
    "cycle_count": 122952,
    "cycles_per_second": 7664.366165285642,
    "fabric_x": 15,
    "fabric_y": 4,
    "hwtile_count": 30,
    "idle_ce_cycles": 21928,
    "idle_wavelet_cycles": 21964,
    "init_time": 0.12386703491210938,
    "iotile_count": 4,
    "nodes": 1,
    "nultile_count": 64,
    "sim_stop_cause": "Stop due to user request",
    "sim_time": 16.042031049728394,
    "simulated_tile_count": 34,
    "sunset_count": 0,
    "threads": 5,
    "tile_count": 98,
    "tile_cycles_per_second": 260588.4496197118,
    "tile_cycles_per_second_per_thread": 52117.689923942366,
    "total_time": 16.165898084640503
}
