{
    "cycle_count": 112697,
    "cycles_per_second": 5862.796667313823,
    "fabric_x": 15,
    "fabric_y": 4,
    "hwtile_count": 30,
    "idle_ce_cycles": 12156,
    "idle_wavelet_cycles": 12192,
    "init_time": 0.0943918228149414,
    "iotile_count": 4,
    "nodes": 1,
    "nultile_count": 64,
    "sim_stop_cause": "Stop due to user request",
    "sim_time": 19.2223961353302,
    "simulated_tile_count": 34,
    "sunset_count": 0,
    "threads": 5,
    "tile_count": 98,
    "tile_cycles_per_second": 199335.08668866998,
    "tile_cycles_per_second_per_thread": 39867.017337733996,
    "total_time": 19.31678795814514
}
