{
    "cycle_count": 115878,
    "cycles_per_second": 7749.007595940548,
    "fabric_x": 15,
    "fabric_y": 4,
    "hwtile_count": 30,
    "idle_ce_cycles": 13974,
    "idle_wavelet_cycles": 14010,
    "init_time": 0.10022306442260742,
    "iotile_count": 4,
    "nodes": 1,
    "nultile_count": 64,
    "sim_stop_cause": "Stop due to user request",
    "sim_time": 14.953914880752563,
    "simulated_tile_count": 34,
    "sunset_count": 0,
    "threads": 5,
    "tile_count": 98,
    "tile_cycles_per_second": 263466.2582619786,
    "tile_cycles_per_second_per_thread": 52693.251652395724,
    "total_time": 15.054137945175171
}
