{
    "cycle_count": 124302,
    "cycles_per_second": 9383.209146786574,
    "fabric_x": 15,
    "fabric_y": 4,
    "hwtile_count": 30,
    "idle_ce_cycles": 22541,
    "idle_wavelet_cycles": 22577,
    "init_time": 0.1295638084411621,
    "iotile_count": 4,
    "nodes": 1,
    "nultile_count": 64,
    "sim_stop_cause": "Stop due to user request",
    "sim_time": 13.24728012084961,
    "simulated_tile_count": 34,
    "sunset_count": 0,
    "threads": 5,
    "tile_count": 98,
    "tile_cycles_per_second": 319029.1109907435,
    "tile_cycles_per_second_per_thread": 63805.8221981487,
    "total_time": 13.376843929290771
}
