{
    "cycle_count": 115911,
    "cycles_per_second": 6239.19545120292,
    "fabric_x": 15,
    "fabric_y": 4,
    "hwtile_count": 30,
    "idle_ce_cycles": 14902,
    "idle_wavelet_cycles": 14938,
    "init_time": 0.09743690490722656,
    "iotile_count": 4,
    "nodes": 1,
    "nultile_count": 64,
    "sim_stop_cause": "Stop due to user request",
    "sim_time": 18.577876091003418,
    "simulated_tile_count": 34,
    "sunset_count": 0,
    "threads": 5,
    "tile_count": 98,
    "tile_cycles_per_second": 212132.64534089927,
    "tile_cycles_per_second_per_thread": 42426.52906817985,
    "total_time": 18.675312995910645
}
