{
    "cycle_count": 106801,
    "cycles_per_second": 7247.540289559674,
    "fabric_x": 15,
    "fabric_y": 4,
    "hwtile_count": 30,
    "idle_ce_cycles": 19283,
    "idle_wavelet_cycles": 19319,
    "init_time": 0.08495306968688965,
    "iotile_count": 4,
    "nodes": 1,
    "nultile_count": 64,
    "sim_stop_cause": "Stop due to user request",
    "sim_time": 14.736171960830688,
    "simulated_tile_count": 34,
    "sunset_count": 0,
    "threads": 5,
    "tile_count": 98,
    "tile_cycles_per_second": 246416.36984502894,
    "tile_cycles_per_second_per_thread": 49283.273969005786,
    "total_time": 14.821125030517578
}
