{
    "cycle_count": 100387,
    "cycles_per_second": 6526.982056819959,
    "fabric_x": 15,
    "fabric_y": 4,
    "hwtile_count": 30,
    "idle_ce_cycles": 13346,
    "idle_wavelet_cycles": 13382,
    "init_time": 0.08608818054199219,
    "iotile_count": 4,
    "nodes": 1,
    "nultile_count": 64,
    "sim_stop_cause": "Stop due to user request",
    "sim_time": 15.380308866500854,
    "simulated_tile_count": 34,
    "sunset_count": 0,
    "threads": 5,
    "tile_count": 98,
    "tile_cycles_per_second": 221917.38993187863,
    "tile_cycles_per_second_per_thread": 44383.47798637573,
    "total_time": 15.466397047042847
}
