{
    "cycle_count": 114181,
    "cycles_per_second": 6429.520954317345,
    "fabric_x": 15,
    "fabric_y": 4,
    "hwtile_count": 30,
    "idle_ce_cycles": 12313,
    "idle_wavelet_cycles": 12349,
    "init_time": 0.12319707870483398,
    "iotile_count": 4,
    "nodes": 1,
    "nultile_count": 64,
    "sim_stop_cause": "Stop due to user request",
    "sim_time": 17.75886583328247,
    "simulated_tile_count": 34,
    "sunset_count": 0,
    "threads": 5,
    "tile_count": 98,
    "tile_cycles_per_second": 218603.71244678972,
    "tile_cycles_per_second_per_thread": 43720.742489357945,
    "total_time": 17.882062911987305
}
