{
    "cycle_count": 114645,
    "cycles_per_second": 6397.93494871963,
    "fabric_x": 15,
    "fabric_y": 4,
    "hwtile_count": 30,
    "idle_ce_cycles": 13609,
    "idle_wavelet_cycles": 13645,
    "init_time": 0.12384486198425293,
    "iotile_count": 4,
    "nodes": 1,
    "nultile_count": 64,
    "sim_stop_cause": "Stop due to user request",
    "sim_time": 17.919063091278076,
    "simulated_tile_count": 34,
    "sunset_count": 0,
    "threads": 5,
    "tile_count": 98,
    "tile_cycles_per_second": 217529.7882564674,
    "tile_cycles_per_second_per_thread": 43505.95765129348,
    "total_time": 18.04290795326233
}
