{
    "cycle_count": 52229,
    "cycles_per_second": 6591.315948339372,
    "fabric_x": 15,
    "fabric_y": 4,
    "hwtile_count": 30,
    "idle_ce_cycles": 12137,
    "idle_wavelet_cycles": 12173,
    "init_time": 0.06277012825012207,
    "iotile_count": 4,
    "nodes": 1,
    "nultile_count": 64,
    "sim_stop_cause": "Stop due to user request",
    "sim_time": 7.923910856246948,
    "simulated_tile_count": 34,
    "sunset_count": 0,
    "threads": 5,
    "tile_count": 98,
    "tile_cycles_per_second": 224104.74224353864,
    "tile_cycles_per_second_per_thread": 44820.94844870773,
    "total_time": 7.98668098449707
}
