{
    "cycle_count": 114219,
    "cycles_per_second": 6576.151923567767,
    "fabric_x": 15,
    "fabric_y": 4,
    "hwtile_count": 30,
    "idle_ce_cycles": 13459,
    "idle_wavelet_cycles": 13495,
    "init_time": 0.09867691993713379,
    "iotile_count": 4,
    "nodes": 1,
    "nultile_count": 64,
    "sim_stop_cause": "Stop due to user request",
    "sim_time": 17.36866807937622,
    "simulated_tile_count": 34,
    "sunset_count": 0,
    "threads": 5,
    "tile_count": 98,
    "tile_cycles_per_second": 223589.16540130408,
    "tile_cycles_per_second_per_thread": 44717.83308026082,
    "total_time": 17.467344999313354
}
