{
    "cycle_count": 103489,
    "cycles_per_second": 7271.150689016993,
    "fabric_x": 15,
    "fabric_y": 4,
    "hwtile_count": 30,
    "idle_ce_cycles": 15666,
    "idle_wavelet_cycles": 15702,
    "init_time": 0.11242103576660156,
    "iotile_count": 4,
    "nodes": 1,
    "nultile_count": 64,
    "sim_stop_cause": "Stop due to user request",
    "sim_time": 14.232822895050049,
    "simulated_tile_count": 34,
    "sunset_count": 0,
    "threads": 5,
    "tile_count": 98,
    "tile_cycles_per_second": 247219.12342657777,
    "tile_cycles_per_second_per_thread": 49443.82468531556,
    "total_time": 14.34524393081665
}
