{
    "cycle_count": 58337,
    "cycles_per_second": 10358.216787506053,
    "fabric_x": 15,
    "fabric_y": 4,
    "hwtile_count": 30,
    "idle_ce_cycles": 17363,
    "idle_wavelet_cycles": 17399,
    "init_time": 0.057611942291259766,
    "iotile_count": 4,
    "nodes": 1,
    "nultile_count": 64,
    "sim_stop_cause": "Stop due to user request",
    "sim_time": 5.631953954696655,
    "simulated_tile_count": 34,
    "sunset_count": 0,
    "threads": 5,
    "tile_count": 98,
    "tile_cycles_per_second": 352179.3707752058,
    "tile_cycles_per_second_per_thread": 70435.87415504115,
    "total_time": 5.689565896987915
}
