{
    "cycle_count": 124410,
    "cycles_per_second": 8462.746584952383,
    "fabric_x": 15,
    "fabric_y": 4,
    "hwtile_count": 30,
    "idle_ce_cycles": 22117,
    "idle_wavelet_cycles": 22153,
    "init_time": 0.12239789962768555,
    "iotile_count": 4,
    "nodes": 1,
    "nultile_count": 64,
    "sim_stop_cause": "Stop due to user request",
    "sim_time": 14.70090103149414,
    "simulated_tile_count": 34,
    "sunset_count": 0,
    "threads": 5,
    "tile_count": 98,
    "tile_cycles_per_second": 287733.383888381,
    "tile_cycles_per_second_per_thread": 57546.6767776762,
    "total_time": 14.823298931121826
}
