{
    "cycle_count": 66483,
    "cycles_per_second": 11066.176663221871,
    "fabric_x": 15,
    "fabric_y": 4,
    "hwtile_count": 30,
    "idle_ce_cycles": 26261,
    "idle_wavelet_cycles": 26297,
    "init_time": 0.05845904350280762,
    "iotile_count": 4,
    "nodes": 1,
    "nultile_count": 64,
    "sim_stop_cause": "Stop due to user request",
    "sim_time": 6.007766008377075,
    "simulated_tile_count": 34,
    "sunset_count": 0,
    "threads": 5,
    "tile_count": 98,
    "tile_cycles_per_second": 376250.00654954364,
    "tile_cycles_per_second_per_thread": 75250.00130990872,
    "total_time": 6.066225051879883
}
