{
    "cycle_count": 125645,
    "cycles_per_second": 9914.604003067358,
    "fabric_x": 15,
    "fabric_y": 4,
    "hwtile_count": 30,
    "idle_ce_cycles": 23840,
    "idle_wavelet_cycles": 23876,
    "init_time": 0.1181800365447998,
    "iotile_count": 4,
    "nodes": 1,
    "nultile_count": 64,
    "sim_stop_cause": "Stop due to user request",
    "sim_time": 12.672719955444336,
    "simulated_tile_count": 34,
    "sunset_count": 0,
    "threads": 5,
    "tile_count": 98,
    "tile_cycles_per_second": 337096.53610429016,
    "tile_cycles_per_second_per_thread": 67419.30722085803,
    "total_time": 12.790899991989136
}
