{
    "cycle_count": 52092,
    "cycles_per_second": 6716.737383304243,
    "fabric_x": 15,
    "fabric_y": 4,
    "hwtile_count": 30,
    "idle_ce_cycles": 12187,
    "idle_wavelet_cycles": 12223,
    "init_time": 0.06149101257324219,
    "iotile_count": 4,
    "nodes": 1,
    "nultile_count": 64,
    "sim_stop_cause": "Stop due to user request",
    "sim_time": 7.755551099777222,
    "simulated_tile_count": 34,
    "sunset_count": 0,
    "threads": 5,
    "tile_count": 98,
    "tile_cycles_per_second": 228369.07103234425,
    "tile_cycles_per_second_per_thread": 45673.81420646885,
    "total_time": 7.817042112350464
}
