{
    "cycle_count": 59215,
    "cycles_per_second": 8609.786232895394,
    "fabric_x": 15,
    "fabric_y": 4,
    "hwtile_count": 30,
    "idle_ce_cycles": 17064,
    "idle_wavelet_cycles": 17100,
    "init_time": 0.027399063110351563,
    "iotile_count": 4,
    "nodes": 1,
    "nultile_count": 64,
    "sim_stop_cause": "Stop due to user request",
    "sim_time": 6.877638816833496,
    "simulated_tile_count": 34,
    "sunset_count": 0,
    "threads": 5,
    "tile_count": 98,
    "tile_cycles_per_second": 292732.7319184434,
    "tile_cycles_per_second_per_thread": 58546.54638368868,
    "total_time": 6.905037879943848
}
