{
    "cycle_count": 56999,
    "cycles_per_second": 9342.631306431851,
    "fabric_x": 15,
    "fabric_y": 4,
    "hwtile_count": 30,
    "idle_ce_cycles": 15859,
    "idle_wavelet_cycles": 15895,
    "init_time": 0.060910940170288086,
    "iotile_count": 4,
    "nodes": 1,
    "nultile_count": 64,
    "sim_stop_cause": "Stop due to user request",
    "sim_time": 6.100957870483398,
    "simulated_tile_count": 34,
    "sunset_count": 0,
    "threads": 5,
    "tile_count": 98,
    "tile_cycles_per_second": 317649.4644186829,
    "tile_cycles_per_second_per_thread": 63529.89288373658,
    "total_time": 6.1618688106536865
}
