{
    "cycle_count": 66719,
    "cycles_per_second": 12337.339602703301,
    "fabric_x": 15,
    "fabric_y": 4,
    "hwtile_count": 30,
    "idle_ce_cycles": 25947,
    "idle_wavelet_cycles": 25983,
    "init_time": 0.05913591384887695,
    "iotile_count": 4,
    "nodes": 1,
    "nultile_count": 64,
    "sim_stop_cause": "Stop due to user request",
    "sim_time": 5.4078919887542725,
    "simulated_tile_count": 34,
    "sunset_count": 0,
    "threads": 5,
    "tile_count": 98,
    "tile_cycles_per_second": 419469.5464919122,
    "tile_cycles_per_second_per_thread": 83893.90929838244,
    "total_time": 5.467027902603149
}
